1985-05-26T00:00:00	1st Knight to Lear	Michael Shepherd	John Hirsch	Stratford Festival	Festival Theatre (Canada)
1985-05-26T00:00:00	2nd Knight to Lear	John Bourgeois	John Hirsch	Stratford Festival	Festival Theatre (Canada)
2003-05-28T00:00:00	A Schoolmaster, Antony's Ambassador	AARON FRANKS	MARTHA HENRY	Stratford Festival	Tom Patterson Theatre (Canada)
2009-07-18T00:00:00	Abraham, Romeo’s friend	Adam Edwardson	Kerry King	The Priory Players	Trinity Street Gardens, Marshall Legal LLP, Colchester
2005-01-01T00:00:00	Antonio, Ariel, Mirando, Trinculo	Edward Hogg	Tim Carroll	Shakespeare's Globe	Shakespeare's Globe
1989-10-25T00:00:00	Ariel a spirit	B.D. Wong	Jude Kelly	Roundabout Theatre Company	Union Square Theatre
1911-07-31T00:00:00	Ariel as Sea Nymph	Mary Grey	F R Benson	Royal Shakespeare Company	Shakespeare Memorial Theatre, Stratford-upon-Avon
1988-01-01T00:00:00	Ariel; Ceres	Steven Mackintosh	Peter Hall	National Theatre	Cottesloe Theatre, National Theatre
1951-05-11T00:00:00	Attendant on Cleopatra	Jill Welchman	Michael Benthall	unknown production company	St James Theatre, London
1951-05-11T00:00:00	Attendant on Cleopatra; Pirate	Terence Owen	Michael Benthall	unknown production company	St James Theatre, London
1951-12-20T00:00:00	Attendant to Cleopatra	Jessie Barclay	Michael Benthall	Gilbert Miller	Ziegfeld Theatre
1951-12-20T00:00:00	Attendant to Cleopatra	Jan Carew	Michael Benthall	Gilbert Miller	Ziegfeld Theatre
1951-12-20T00:00:00	Attendant to Cleopatra	Renee Goddard	Michael Benthall	Gilbert Miller	Ziegfeld Theatre
1951-12-20T00:00:00	Attendant to Cleopatra	Winnifred Hill	Michael Benthall	Gilbert Miller	Ziegfeld Theatre
1951-12-20T00:00:00	Attendant to Cleopatra	Teresa Moore	Michael Benthall	Gilbert Miller	Ziegfeld Theatre
2009-07-18T00:00:00	Balthazar, Romeo’s friend	Ben Field	Kerry King	The Priory Players	Trinity Street Gardens, Marshall Legal LLP, Colchester
1972-11-07T00:00:00	Banquo; T/O Macbeth	Denis Quilley	Michael Blakemore	National Theatre	Old Vic, London
1935-10-17T00:00:00	Chorus; Mercutio  T/O Romeo	John Gielgud	John Gielgud	unknown production company	New Theatre, London
2006-01-01T00:00:00	Cleopatra, Queen of Egypt	Frances Barber	Dominic Dromgoole	Shakespeare's Globe	Shakespeare's Globe
2014-01-01T00:00:00	Cordelia/Fool	Bethan Cullinane	Bill Buckhurst	Shakespeare's Globe	Shakespeare's Globe
2013-01-01T00:00:00	Cordelia/Lear's Fool	Bethan Cullinane	Bill Buckhurst	Shakespeare's Globe	Shakespeare's Globe
2006-05-06T00:00:00	Dialogue Coach (Hamlet)	Lesley Manim	Janet Suzman	Royal Shakespeare Company	Swan Theatre, Stratford-upon-Avon
1988-01-01T00:00:00	Extra (Olivier);  T/O Miranda	Shirley Henderson	Peter Hall	National Theatre	Cottesloe Theatre, National Theatre
1974-01-01T00:00:00	Extra; U/S Ariel	Stephen Williams	Peter Hall	unknown production company	Old Vic, London
1982-02-28T00:00:00	Fool/King of France	Noble Shropshire	Christopher Martin	Classic Stage Company	East 13th Street/CSC Theatre
2007-03-07T00:00:00	Fool/Old Man	Philip Goodwin	James Lapine	The Public Theater	Joseph Papp Public Theater/Anspacher Theater
1998-10-12T00:00:00	Gallus; Cleopatra’s Messenger	Riz Abbasi	Sean Mathias	National Theatre	Olivier Theatre, National Theatre
1978-05-27T00:00:00	Gentlewoman attendant on Lady Macbeth	Janet Whiteside	Peter Hall	National Theatre	Olivier Theatre, National Theatre
1978-05-27T00:00:00	Gentlewoman attendant on Lady Macbeth	Janet Whiteside	Peter Hall	National Theatre	Olivier Theatre, National Theatre
1970-02-12T00:00:00	Gertrude, Queen of Denmark, mother to Hamlet	Mary Wimbush	Peter Dews	unknown production company	Birmingham Repertory Theatre
1969-04-19T00:00:00	Gertrude, Queen of Denmark, mother to Hamlet	Linda Polan	Peter Dews	unknown production company	Birmingham Repertory Theatre
1922-11-16T00:00:00	Ghost of Hamlet's Father	Reginald Pole	director unknown	Arthur Hopkins	Sam H. Harris Theatre
1964-06-16T00:00:00	Ghost of Hamlet's Father	Lou Polan	Joseph Papp	Joseph Papp Public Theater/New York Shakespeare Festival	Delacorte Theater
2008-06-17T00:00:00	Ghost of Hamlet's Father/ Player King/ Gravedigger	Jay O. Sanders	Oskar Eustis	The Public Theater	Delacorte Theater
1990-04-10T00:00:00	Ghost of Hamlet's Father/Priest	Robert Murch	Kevin Kline	Joseph Papp	Joseph Papp Public Theater/Anspacher Theater
1949-01-01T00:00:00	Ghost of Hamlet’s Father	Wilfrid Walter	Hugh Hunt	Old Vic Company	New Theatre, London
1832-11-23T00:00:00	Ghost of Hamlet’s Father	C Hill	director unknown	unknown production company	Surrey Theatre
1959-03-07T00:00:00	Ghost of Hamlet’s Father	Paul Williamson	Bernard Hepton	unknown production company	Birmingham Repertory Theatre
1976-01-01T00:00:00	Ghost of Hamlet’s Father	Denis Quilley	Peter Hall	National Theatre	Olivier Theatre
1937-06-02T00:00:00	Ghost of Hamlet’s Father	Torin Thatcher	Tyrone Guthrie	Old Vic Co.	Kronborg Castle, Elsinore, Denmark
1958-01-01T00:00:00	Ghost of Hamlet’s Father	Richard Wordsworth	Michael Benthall	unknown production company	Old Vic Tour
1957-01-01T00:00:00	Ghost of Hamlet’s Father	Daniel Thorndike	Michael Benthall	unknown production company	Old Vic, London
1999-01-01T00:00:00	Ghost of Hamlet’s Father; 1st Player	Jerome Willis	Gemma Bodinetz	unknown production company	Bristol Old Vic
1939-06-28T00:00:00	Ghost of Hamlet’s Father; Claudius	Jack Hawkins	John Gielgud	unknown production company	Lyceum Theatre, London
1936-10-12T00:00:00	Ghost of Hamlet’s Father; Claudius	Malcolm Keen	Guthrie McClintic	unknown production company	Alexndra Theatre, Toronto
1934-11-14T00:00:00	Ghost of Hamlet’s Father; T/O First Player	William Devlin	John Gielgud	unknown production company	New Theatre, London
1930-01-01T00:00:00	Ghost of Hamlet’s father	Harcourt Williams	Harcourt Williams	Old Vic Co.	Old Vic, London
1945-01-01T00:00:00	Ghost of Hamlet’s father	Donald Bain	John Gielgud	unknown production company	Far East Tour
1944-10-18T00:00:00	Ghost of Hamlet’s father	Leon Quartermaine	George Rylands	unknown production company	Theatre Royal, Haymarket, London
1926-05-13T00:00:00	Ghost of Hamlet’s father	Grosvenor North	director unknown	Birmingham Repertory Co.	Royal Court Theatre, London
1977-07-06T00:00:00	Ghost of Hamlet’s father/First Gravedigger	Kevin Stoney	John David	unknown production company	St George’s Theatre, Tufnell Park
1989-01-01T00:00:00	Ghost of Hamlet’s father; Gravedigger	David Burke	Richard Eyre	National Theatre	Olivier Theatre, National Theatre
2004-07-21T00:00:00	Ghost of Old Hamlet	Greg Hicks	Michael Boyd	Royal Shakespeare Company	Royal Shakespeare Theatre, Stratford-upon-Avon
1984-09-05T00:00:00	Ghost of Old Hamlet	Richard Easton	Ron Daniels	Royal Shakespeare Company	Royal Shakespeare Theatre, Stratford-upon-Avon
1961-03-18T00:00:00	Guard to Antony/A Roman Messenger	Terence Rigby	Bernard Hepton	unknown production company	Birmingham Repertory Theatre
2012-01-01T00:00:00	Hamlet 	Michael Benz	Dominic Dromgoole and Bill Buckhurst	Shakespeare's Globe	Shakespeare's Globe
1976-06-07T00:00:00	Hamlet (a)	Richard Monette	William Hutt	Stratford Festival	Avon Theatre (Canada)
1976-06-07T00:00:00	Hamlet (b)	Nicholas Pennell	William Hutt	Stratford Festival	Avon Theatre (Canada)
1970-02-12T00:00:00	Hamlet, son to the late and nephew to the present King	Alec McCowen	Peter Dews	unknown production company	Birmingham Repertory Theatre
1969-04-19T00:00:00	Hamlet, son to the late and nephew to the present King	Richard Chamberlain	Peter Dews	unknown production company	Birmingham Repertory Theatre
1979-08-08T00:00:00	Herald to Othello	John Pollard	Frances Hyland	Stratford Festival	Festival Theatre (Canada)
1970-02-12T00:00:00	Horatio, friend to Hamlet	Peter Jobin	Peter Dews	unknown production company	Birmingham Repertory Theatre
1969-04-19T00:00:00	Horatio, friend to Hamlet	Keith Drinkel	Peter Dews	unknown production company	Birmingham Repertory Theatre
2016-01-01T00:00:00	Horatio/ Rosencrantz/ Laertes/ Guildenstern/ Hamlet	Matthew Romain	Dominic Dromgoole & Bill Buckhurst	Shakespeare's Globe	Shakespeare's Globe
2009-07-18T00:00:00	Juliet Capulet	Charlotte Still	Kerry King	The Priory Players	Trinity Street Gardens, Marshall Legal LLP, Colchester
2008-12-04T00:00:00	Juliet's Nurse	Julie Legrand	Neil Bartlett	Royal Shakespeare Company	Courtyard Theatre, Stratford-upon-Avon
2013-09-19T00:00:00	Juliet's Servant	Sheria Irving	David Leveaux	Susan Bristow LLC, James L. Nederlander, Terry Allen Kramer, Merritt Forrest Baer, Paula Marie Black, Stephen C. Byrd, Alia Jones Harvey, Jon B. Platt and Stewart F. Lane/Bonnie Comley	Richard Rodgers Theatre
2004-02-14T00:00:00	Juliet, daughter of Capulet 	Victoria Bolt	director unknown	Perth Theatre Company	Perth Theatre, Scotland
1990-07-27T00:00:00	Juliette	Celine Bonnier	Robert LePage	Stratford Festival	Festival Outdoor Tent (Canada)
1966-01-01T00:00:00	Juliet’s Nurse	Madge Ryan	Val May	Bristol Old Vic Co.	Bristol Old Vic
2009-02-12T00:00:00	Julius Caesar 	Simon Armstrong	Andrew Hilton	Shakespeare at the Tobacco Factory	Tobacco Factory Theatres
1996-05-27T00:00:00	King Lear (a)	William Hutt	Richard Monette	Stratford Festival	Festival Theatre (Canada)
1996-05-27T00:00:00	King Lear (b)	Lewis Gordon 	Richard Monette	Stratford Festival	Festival Theatre (Canada)
1990-10-09T00:00:00	King Lear (weekday matinees)	Peter Aylward	Gerald Freedman	Roundabout Theatre Company	Union Square Theatre
1989-01-01T00:00:00	King of France/Fool	Raymond Greenaway	John Retallack	Oxford Stage Company	UK Tour
2009-06-16T00:00:00	Knight in Lear’s retinue	Gary Neal Johnson	Robert Falls	Shakespeare Theatre Company	Sidney Harman Hall
2004-06-30T00:00:00	Knight to Lear	Matt Cross	Bill Alexander	Royal Shakespeare Company	Royal Shakespeare Theatre, Stratford-upon-Avon
2004-06-30T00:00:00	Knight to Lear	Tam Mutu	Bill Alexander	Royal Shakespeare Company	Royal Shakespeare Theatre, Stratford-upon-Avon
2004-06-30T00:00:00	Knight to Lear	Jack Whitam	Bill Alexander	Royal Shakespeare Company	Royal Shakespeare Theatre, Stratford-upon-Avon
1980-09-14T00:00:00	Knight to Lear	Maurice E. Evans	Robin Phillips	Stratford Festival	Avon Theatre (Canada)
1979-10-05T00:00:00	Knight to Lear	Rex Southgate	Robin Phillips	Stratford Festival	Avon Theatre (Canada)
1990-10-09T00:00:00	Knights of Lear’s train / Servant / Soldier / Attendants / Gentleman	Richard Long	Gerald Freedman	Roundabout Theatre Company	Union Square Theatre
1990-10-09T00:00:00	Knights of Lear’s train / Servant / Soldier / Attendants / Gentleman	Stephen Roselin	Gerald Freedman	Roundabout Theatre Company	Union Square Theatre
1987-10-06T00:00:00	Lady Macbeth	Noreen Kershaw	Chris Bond	Half Moon Theatre	Half Moon Theatre, London
1997-02-20T00:00:00	Lady Macbeth	L. Scott Caldwell	Tony Taccone	Berkeley Repertory Theatre	Berkeley Repertory Theatre
2009-02-25T00:00:00	Lady Macbeth	Hilary Maclean	Matthew Dunster	Royal Exchange Theatre	Royal Exchange Theatre
2012-07-05T00:00:00	Lady Macbeth	Tessa Auberjonois	Jessica Kubzansky	Antaeus Theatre Company	Antaeus Theatre Company
2012-07-05T00:00:00	Lady Macbeth	Ann Noble	Jessica Kubzansky	Antaeus Theatre Company	Antaeus Theatre Company
2016-02-19T00:00:00	Lady Macbeth	Frances McDormand	Daniel Sullivan	Berkeley Repertory Theatre	Berkeley Repertory Theatre
2017-07-15T00:00:00	Lady Macbeth	Winsome Brown	Claire Shannon Kelly	Shakespeare on the Sound	Pinkney Park
2018-02-26T00:00:00	Lady Macbeth	Anne-Marie Duff	Rufus Norris	National Theatre	Olivier Theatre
2018-04-25T00:00:00	Lady Macbeth	Chaon Cross	Aaron Posner & Teller	Chicago Shakespeare Theater	The Yard
2002-03-22T00:00:00	Lady Macbeth	Helen Sheals	Barrie Rutter	Northern Broadsides	Tour
2007-02-23T00:00:00	Lady Macbeth	Michelle Fairley	Ian Brown	West Yorkshire Playhouse	West Yorkshire Playhouse, Leeds
2010-03-18T00:00:00	Lady Macbeth	Anastasia Hille	Declan Donnellan	Cheek By Jowl	Silk Street Theatre, Barbican Centre
2004-02-09T00:00:00	Lady Macbeth	Zoe Aldrich	Andrew Hilton	Shakespeare at the Tobacco Factory	Tobacco Factory Theatres
2013-01-01T00:00:00	Lady Macbeth	Samantha Spiro	Eve Best	Shakespeare's Globe	Shakespeare's Globe
2015-01-01T00:00:00	Lady Macbeth	Rosa Maria Velasco	Tang Shu-wing	Shakespeare's Globe	Shakespeare's Globe
2011-01-01T00:00:00	Lady Macbeth	Emma Pallant	Bill Buckhurst	Shakespeare's Globe	Shakespeare's Globe
2010-01-01T00:00:00	Lady Macbeth	Claire Cox	Bill Buckhurst	Shakespeare's Globe	Shakespeare's Globe
2010-01-01T00:00:00	Lady Macbeth	Laura Rogers	Lucy Bailey	Shakespeare's Globe	Shakespeare's Globe
2001-01-01T00:00:00	Lady Macbeth	Eve Best	Tim Carroll	Shakespeare's Globe	Shakespeare's Globe
1883-04-19T00:00:00	Lady Macbeth	Adelaide Helen Calvert	Elliot Galer	Royal Shakespeare Company	Shakespeare Memorial Theatre, Stratford-upon-Avon
1978-04-04T00:00:00	Lady Macbeth	Judi Dench	Trevor Nunn	Royal Shakespeare Company	Young Vic, London
1920-08-04T00:00:00	Lady Macbeth	Ethel Warwick	William Bridges-Adams	Royal Shakespeare Company	Shakespeare Memorial Theatre, Stratford-upon-Avon
2007-02-21T00:00:00	Lady Macbeth	Anna Zubrzycki	Grzegorz Bral	Royal Shakespeare Company	Swan Theatre, Stratford-upon-Avon
1974-10-29T00:00:00	Lady Macbeth	Helen Mirren	Trevor Nunn	Royal Shakespeare Company	Royal Shakespeare Theatre, Stratford-upon-Avon
2004-10-05T00:00:00	Lady Macbeth	Meg Fraser	Ellie Jones	Royal Shakespeare Company	Michel St Denis Studio, The Other Place, Stratford-upon-Avon
2001-01-01T00:00:00	Lady Macbeth	Harriet Walter	Gregory Doran	Royal Shakespeare Company	Filmed for television
1989-03-07T00:00:00	Lady Macbeth	Amanda Root	Adrian Noble	Royal Shakespeare Company	Theatre Royal, Newcastle-upon-Tyne
1946-06-21T00:00:00	Lady Macbeth	Valerie Taylor	Michael Macowan	Royal Shakespeare Company	Shakespeare Memorial Theatre, Stratford-upon-Avon
1925-07-18T00:00:00	Lady Macbeth	Florence Saunders	William Bridges-Adams	Royal Shakespeare Company	Shakespeare Memorial Theatre, Stratford-upon-Avon
1967-08-16T00:00:00	Lady Macbeth	Vivien Merchant	Peter Hall	Royal Shakespeare Company	Royal Shakespeare Theatre, Stratford-upon-Avon
1987-02-24T00:00:00	Lady Macbeth	SinÃ©ad Cusack	Adrian Noble	Royal Shakespeare Company	Tyne Theatre, Newcastle-upon-Tyne
1911-04-27T00:00:00	Lady Macbeth	Hutin Britton	director unknown	Royal Shakespeare Company	Shakespeare Memorial Theatre, Stratford-upon-Avon
1996-11-06T00:00:00	Lady Macbeth	Brid Brennan	Tim Albery	Royal Shakespeare Company	Barbican Theatre, London
1983-08-16T00:00:00	Lady Macbeth	Sara Kestelman	Howard Davies	Royal Shakespeare Company	Barbican Theatre, London
1994-03-22T00:00:00	Lady Macbeth	Cheryl Campbell	Adrian Noble	Royal Shakespeare Company	Royal Shakespeare Theatre, Stratford-upon-Avon
1952-06-10T00:00:00	Lady Macbeth	Margaret Leighton	John Gielgud	Royal Shakespeare Company	Shakespeare Memorial Theatre, Stratford-upon-Avon
1903-04-22T00:00:00	Lady Macbeth	Constance Benson	F R Benson	Royal Shakespeare Company	Shakespeare Memorial Theatre, Stratford-upon-Avon
1929-04-18T00:00:00	Lady Macbeth	Dorothy Massingham	William Bridges-Adams	Royal Shakespeare Company	Shakespeare Memorial Theatre, Stratford-upon-Avon
1938-04-11T00:00:00	Lady Macbeth	Phyllis Neilson-Terry	B Iden Payne	Royal Shakespeare Company	Shakespeare Memorial Theatre, Stratford-upon-Avon
1927-07-13T00:00:00	Lady Macbeth	Dorothy Green	William Bridges-Adams	Royal Shakespeare Company	Shakespeare Memorial Theatre, Stratford-upon-Avon
1930-05-05T00:00:00	Lady Macbeth	Fabia Drake	William Bridges-Adams	Royal Shakespeare Company	Shakespeare Memorial Theatre, Stratford-upon-Avon
2004-03-18T00:00:00	Lady Macbeth	Sian Thomas	Dominic Cooke	Royal Shakespeare Company	Royal Shakespeare Theatre, Stratford-upon-Avon
1955-06-07T00:00:00	Lady Macbeth	Vivien Leigh	Glen Byam Shaw	Royal Shakespeare Company	Shakespeare Memorial Theatre, Stratford-upon-Avon
1931-07-01T00:00:00	Lady Macbeth	Dorothy Massingham	William Bridges-Adams	Royal Shakespeare Company	Shakespeare Memorial Theatre, Stratford-upon-Avon
1916-08-12T00:00:00	Lady Macbeth	Sybil Thorndike	Ben Greet	Royal Shakespeare Company	Shakespeare Memorial Theatre, Stratford-upon-Avon
1949-04-16T00:00:00	Lady Macbeth	Diana Wynyard	Anthony Quayle	Royal Shakespeare Company	Shakespeare Memorial Theatre, Stratford-upon-Avon
1906-04-26T00:00:00	Lady Macbeth	Constance Benson	F R Benson	Royal Shakespeare Company	Shakespeare Memorial Theatre, Stratford-upon-Avon
1900-04-25T00:00:00	Lady Macbeth	Miss Calhoun	F R Benson	Royal Shakespeare Company	Shakespeare Memorial Theatre, Stratford-upon-Avon
1908-05-06T00:00:00	Lady Macbeth	Constance Benson	F R Benson	Royal Shakespeare Company	Shakespeare Memorial Theatre, Stratford-upon-Avon
1962-06-05T00:00:00	Lady Macbeth	Irene Worth	Donald McWhinnie	Royal Shakespeare Company	Royal Shakespeare Theatre, Stratford-upon-Avon
2007-04-17T00:00:00	Lady Macbeth	Derbhle Crotty	Conall Morrison	Royal Shakespeare Company	Swan Theatre, Stratford-upon-Avon
1933-04-18T00:00:00	Lady Macbeth	Fabia Drake	Theodore Komisarjevsky	Royal Shakespeare Company	Shakespeare Memorial Theatre, Stratford-upon-Avon
1942-04-14T00:00:00	Lady Macbeth	Margaretta Scott	B Iden Payne	Royal Shakespeare Company	Shakespeare Memorial Theatre, Stratford-upon-Avon
1910-07-28T00:00:00	Lady Macbeth	Constance Benson	F R Benson	Royal Shakespeare Company	Shakespeare Memorial Theatre, Stratford-upon-Avon
1944-04-11T00:00:00	Lady Macbeth	Patricia Jessel	Robert Atkins	Royal Shakespeare Company	Shakespeare Memorial Theatre, Stratford-upon-Avon
2014-06-22T00:00:00	Lady Macbeth	Alex Kingston	Kenneth Branagh	unknown production company	Park Avenue Armory Drill Hall, New York
2013-04-27T00:00:00	Lady Macbeth	Claire Foy	Jamie Lloyd	unknown production company	Trafalgar Studios at the Whitehall Theatre, London
2013-02-23T00:00:00	Lady Macbeth	Johanne Murdock	Caroline Devlin	Guildford Shakespeare Co.	Holy Trinity Church, Guildford
2008-01-01T00:00:00	Lady Macbeth	Allison McKenzie	director unknown	Royal Lyceum Edinburgh/Nottingham Playhouse	Royal LyceumTheatre,Edinburgh/Nottingham Playhouse
1982-12-01T00:00:00	Lady Macbeth	Mary Jo Randle	director unknown	unknown production company	New Vic Theatre, Newcastle under Lyme
1942-07-08T00:00:00	Lady Macbeth	Gwen Ffrangcon-Davies	John Gielgud	unknown production company	Piccadilly Theatre, London
2007-07-28T00:00:00	Lady Macbeth	Eleanor Kent	Claire Warden	The Priory Players	Trinity Street Gardens, Marshall Legal LLP, Colchester
1993-01-01T00:00:00	Lady Macbeth	Anastasia Hille	Richard Eyre	National Theatre	Olivier Theatre, National Theatre
2011-01-01T00:00:00	Lady Macbeth	James Tudor	director unknown	Jadis Shadows Productions	Attic Theatre, Cox’s Yard, Stratford-upon-Avon *Preview Presentation*
1937-01-01T00:00:00	Lady Macbeth	Judith Anderson	Michel St Denis	unknown production company	Old Vic, London
1992-01-01T00:00:00	Lady Macbeth	Lynn Farleigh	Michael Bogdanov	unknown production company	The Royalty Theatre, London
1925-07-18T00:00:00	Lady Macbeth	Florence Saunders	W Bridges-Adams	Royal Shakespeare Company	Shakespeare Memorial Theatre, Stratford-upon-Avon
1991-01-01T00:00:00	Lady Macbeth	Jenny Quayle	Michael Bogdanov	English Shakespeare Company	Theatre Royal, Bath
2007-01-01T00:00:00	Lady Macbeth	Sarah Woodward	Edward Kemp	The New Shakespeare Company	Open Air Theatre Regent’s Park London
1961-07-09T00:00:00	Lady Macbeth	Tobi Weinberg	David William	Ludlow Festival Society	Ludlow Castle
2006-09-09T00:00:00	Lady Macbeth	Eleanor Montgomery	Gareth Machin	Creation Theatre Company	Headington Hill Park Oxford
1991-08-31T00:00:00	Lady Macbeth	Nichola McAuliffe	William Gaunt	New Shakespeare Co.	Open Air Theatre, Regent’s Park
1996-01-01T00:00:00	Lady Macbeth	Shelley Willetts	Rob Swain	unknown production company	New Vic Theatre, Newcastle under Lyme
1923-07-23T00:00:00	Lady Macbeth	Dorothy Green	W Bridges-Adams	Royal Shakespeare Company	Shakespeare Memorial Theatre, Stratford-upon-Avon
1972-11-07T00:00:00	Lady Macbeth	Diana Rigg	Michael Blakemore	National Theatre	Old Vic, London
1958-01-01T00:00:00	Lady Macbeth	Beatrix Lehmann	Douglas Seale	unknown production company	Old Vic, London
1995-01-01T00:00:00	Lady Macbeth	Jane Horrocks	Mark Rylance	unknown production company	Greenwich Theatre, London
1969-01-01T00:00:00	Lady Macbeth	Barbara Leigh Hunt	John David	unknown production company	Bristol Old Vic
1958-03-15T00:00:00	Lady Macbeth	June Brown	Bernard Hepton	unknown production company	Birmingham Repertory Theatre
1999-07-31T00:00:00	Lady Macbeth	Sara Green	Eddie McKay	The Priory Players	Trinity Street Gardens, Marshall Sutton Jones, Colchester
1996-01-01T00:00:00	Lady Macbeth	Rula Lenska	director unknown	unknown production company	Stafford Castle
1957-01-01T00:00:00	Lady Macbeth	Eileen Kennally	Joan Littlewood	Theatre Workshop	Theatre Royal, Stratford East
1998-01-01T00:00:00	Lady Macbeth	Sally Dexter	John Crowley	unknown production company	Theatre Royal, Bath
1995-01-01T00:00:00	Lady Macbeth	Hilary Lyon	Stephen Unwin	English Touring Theatre	UK Tour
1969-01-01T00:00:00	Lady Macbeth	Jennifer Piercey	Paul Webster	Library Theatre Co.	Library Theatre, Manchester
1995-01-01T00:00:00	Lady Macbeth	Lucy Cohu	Bill Alexander	Birmingham Repertory Co.	Birmingham Repertory Theatre
1995-01-01T00:00:00	Lady Macbeth	Helen McCrory	Nicolas Kent	Tricycle Theatre Co.	Tricycle Theatre, London
1997-01-01T00:00:00	Lady Macbeth	Patricia Kerrigan	George Costigan	unknown production company	Bristol Old Vic
1995-01-01T00:00:00	Lady Macbeth	Siobhan Stanley	Philip Franks	Sheffield Crucible Theatre Company	Crucible Theatre, Sheffield
1980-04-11T00:00:00	Lady Macbeth	Kika Markham	Mark Cullingham	Thorndike Theatre	Thorndike Theatre, Leatherhead
1998-01-01T00:00:00	Lady Macbeth	Octavia Walters	Andrew Manley	unknown production company	Wolsey Theatre, Ipswich
1994-10-08T00:00:00	Lady Macbeth	Alexandra Mathie	Helena Kaut-Howson	unknown production company	Clwyd Theatr Cymru, Mold
1978-05-27T00:00:00	Lady Macbeth	Dorothy Tutin	Peter Hall	National Theatre	Olivier Theatre, National Theatre
1931-07-01T00:00:00	Lady Macbeth	Dorothy Massingham	W Bridges-Adams	Royal Shakespeare Company	Shakespeare Memorial Theatre, Stratford-upon-Avon
1966-10-15T00:00:00	Lady Macbeth	Georgine Anderson	Anthony Carrick	Hornchurch Repertory Co.	Queens Theatre, Hornchurch
1930-07-19T00:00:00	Lady Macbeth	Fabia Drake	W Bridges-Adams	Royal Shakespeare Company	Shakespeare Memorial Theatre, Stratford-upon-Avon
1966-01-01T00:00:00	Lady Macbeth	Simone Signoret	William Gaskill	The English Stage Company	Royal Court Theatre, London
1986-11-11T00:00:00	Lady Macbeth	Sinead Cusack	Adrian Noble	Royal Shakespeare Company	The Royal Shakespeare Theatre, Stratford-upon-Avon
1985-01-01T00:00:00	Lady Macbeth	Julie Walters	The People Show	The People Show	Leicester Haymarket
1930-01-01T00:00:00	Lady Macbeth	Martita Hunt	Harcourt Williams	Old Vic Co.	Old Vic, London
1984-11-24T00:00:00	Lady Macbeth	Michelle Newell	director unknown	Chester Gateway Co.	Chester Gateway Theatre
1987-01-01T00:00:00	Lady Macbeth	Dearbhla Molloy	Andy Hinds	unknown production company	Bristol Old Vic
1920-08-04T00:00:00	Lady Macbeth	Ethel Warwick	W Bridges-Adams	Royal Shakespeare Company	Shakespeare Memorial Theatre, Stratford-upon-Avon
1987-09-19T00:00:00	Lady Macbeth	Leslee Udwin	Declan Donnellan	Cheek By Jowl	Theatre Royal, York – Tour
1928-03-03T00:00:00	Lady Macbeth	Mary Merrall	H K Ayliff	unknown production company	Royal Court, London
1927-07-13T00:00:00	Lady Macbeth	Dorothy Green	W Bridges-Adams	Royal Shakespeare Company	Shakespeare Memorial Theatre, Stratford-upon-Avon
1976-11-13T00:00:00	Lady Macbeth	Lindsey Franklin	John Blackmore	The Duke’s Playhouse Company	Duke’s Playhouse Lancaster
1926-12-24T00:00:00	Lady Macbeth	Sybil Thorndike	Lewis Casson	unknown production company	Prince’s Theatre, London
1883-04-19T00:00:00	Lady Macbeth	Mrs Charles Calvert	Elliot Galer	Royal Shakespeare Company	Shakespeare Memorial Theatre, Stratford-upon-Avon
1999-06-03T00:00:00	Lady Macbeth	Martha Henry	Diana Leblanc	Stratford Festival	Tom Patterson Theatre (Canada)
2016-05-30T00:00:00	Lady Macbeth	Krystin Pellerin	Antoni Cimolino	Stratford Festival	Festival Theatre (Canada)
2004-06-04T00:00:00	Lady Macbeth	Lucy Peacock	JOHN WOOD	Stratford Festival	Festival Theatre (Canada)
2009-06-01T00:00:00	Lady Macbeth	Yanna McIntosh	Des McAnuff	Stratford Festival	Festival Theatre (Canada)
1995-05-31T00:00:00	Lady Macbeth	Seana McKenna	Marti Maraden	Stratford Festival	Festival Theatre (Canada)
1986-10-04T00:00:00	Lady Macbeth	Marcia Kash	Tom Kerr	Stratford Festival	Touring
1990-05-28T00:00:00	Lady Macbeth	Goldie Semple	Robert Beard	Stratford Festival	Festival Theatre (Canada)
1983-06-05T00:00:00	Lady Macbeth	Roberta Maxwell	Des McAnuff	Stratford Festival	Festival Theatre (Canada)
1978-06-07T00:00:00	Lady Macbeth	Maggie Smith	Robin Phillips	Stratford Festival	Festival Theatre (Canada)
1971-06-09T00:00:00	Lady Macbeth	Pat Galloway	Peter Gill	Stratford Festival	Festival Theatre (Canada)
1962-06-18T00:00:00	Lady Macbeth	Kate Reid	Peter Coe	Stratford Festival	Festival Theatre (Canada)
2017-04-25T00:00:00	Lady Macbeth	Nikkole Salter	Liesl Tommy	Shakespeare Theatre Company	Sidney Harman Hall
2005-08-31T00:00:00	Lady Macbeth	Kelly McGillis	Michael Kahn	Shakespeare Theatre Company	Lansburgh Theatre
1995-09-12T00:00:00	Lady Macbeth	Helen Carey	Joe Dowling	Shakespeare Theatre Company	Lansburgh Theatre
1988-02-16T00:00:00	Lady Macbeth	Franchelle Stewart Dorn	Michael Kahn	Shakespeare Theatre Company	Folger Shakespeare Library
1988-04-21T00:00:00	Lady Macbeth	Glenda Jackson	director unknown	Barry & Fran Weissler and Garth H. Drabinsky	Mark Hellinger Theatre
2013-11-21T00:00:00	Lady Macbeth	Anne-Marie Duff	Jack O'Brien	Lincoln Center Theater	Vivian Beaumont Theatre
1941-11-11T00:00:00	Lady Macbeth	Judith Anderson	director unknown	Maurice Evans and Judith Anderson	National Theatre
1986-11-12T00:00:00	Lady Macbeth	Ching Valdes-Aran	Estelle Parsons	Joseph Papp	Belasco Theatre
1948-03-31T00:00:00	Lady Macbeth	Flora Robson	director unknown	The Theatre Guild	National Theatre
2000-06-15T00:00:00	Lady Macbeth	Diane Venora	Terry Hands	SFX Theatrical Group and Emanuel Azenberg	Music Box Theatre
1982-01-28T00:00:00	Lady Macbeth	Andrea Weber	Nicol Williamson	Circle in the Square	Circle in the Square Theatre
1956-10-29T00:00:00	Lady Macbeth	Coral Browne	Michael Benthall	Old Vic Trust, Ltd. and Arts Council of Great Britain	Winter Garden Theatre
1981-01-22T00:00:00	Lady Macbeth	Maureen Anderman	Sarah Caldwell	Lincoln Center Theater Company	Vivian Beaumont Theatre
1936-04-09T00:00:00	Lady Macbeth	Alma Dickson	director unknown	Negro Theatre Unit of the Federal Theatre Project of the WPA and John Houseman	Lafayette Theatre
1936-04-09T00:00:00	Lady Macbeth	Edna Thomas	director unknown	Negro Theatre Unit of the Federal Theatre Project of the WPA and John Houseman	Lafayette Theatre
2008-04-08T00:00:00	Lady Macbeth	Kate Fleetwood	Rupert Goold	Duncan C. Weldon, Paul Elliott, Jeffrey Archer, Bill Ballard, Terri & Timothy Childs, Rodger Hess, David Mirvish, Adriana Mnuchin, Emanuel Azenberg and BAM	Lyceum Theatre
1921-02-17T00:00:00	Lady Macbeth	Julia Arthur	Arthur Hopkins	Arthur Hopkins	Apollo Theatre
1930-03-24T00:00:00	Lady Macbeth	Virginia Bronson	director unknown	Chicago Civic Shakespeare Society	Shubert Theatre
1935-10-07T00:00:00	Lady Macbeth	Gladys Cooper	director unknown	Crosby Gaige	Ethel Barrymore Theatre
1916-02-07T00:00:00	Lady Macbeth	Viola Allen	director unknown	unknown production company	Criterion Theatre
1928-11-19T00:00:00	Lady Macbeth	Florence Reed	Douglas Ross	George C. Tyler	Knickerbocker Theatre
1924-03-15T00:00:00	Lady Macbeth	Clare Eames	director unknown	The Equity Players, Inc.	48th Street Theatre
1922-01-16T00:00:00	Lady Macbeth	Olive Oliver	director unknown	unknown production company	48th Street Theatre
1917-04-16T00:00:00	Lady Macbeth	Genevieve Hamper	director unknown	Robert B. Mantell Repertoire	44th Street Theatre
1918-12-07T00:00:00	Lady Macbeth	Gilda Varesi	director unknown	unknown production company	Plymouth Theatre
1915-02-01T00:00:00	Lady Macbeth	Florence Auer	director unknown	William A. Brady and Robert B. Mantell Repertoire	44th Street Theatre
1921-04-19T00:00:00	Lady Macbeth	Mary Hall	Walter Hampden	Walter Hampden	Broadhurst Theatre
1913-09-22T00:00:00	Lady Macbeth	Julia Marlowe	director unknown	Sothern & Marlowe Repertory	Manhattan Opera House
1910-01-17T00:00:00	Lady Macbeth	Keith Wakeman	director unknown	Ben Greet Repertory	Garden Theatre
1909-03-08T00:00:00	Lady Macbeth	Marie Booth Russell	director unknown	William A. Brady	New Amsterdam Theatre
2012-04-29T00:00:00	Lady Macbeth	Melissa Friedman	Ron Russell	Epic Theatre Ensemble	47th Street Theatre
2011-03-20T00:00:00	Lady Macbeth	Annika Boras	Arin Arbus	Theatre for a New Audience	The Duke on 42nd Street
1998-03-15T00:00:00	Lady Macbeth	Angela Bassett	George C. Wolfe	The Public Theater	Joseph Papp Public Theater/Martinson Theater
2006-06-14T00:00:00	Lady Macbeth	Jennifer Ehle	Moises Kaufman	unknown production company	Delacorte Theater
1999-03-18T00:00:00	Lady Macbeth	Elizabeth Marvel	Ron Daniels	Theatre for a New Audience	American Place Theatre
1989-12-19T00:00:00	Lady Macbeth	Melinda Mullins	Richard Jordan	Joseph Papp	Joseph Papp Public Theater/Anspacher Theater
1986-03-21T00:00:00	Lady Macbeth	Francesca James	Porter Van Zandt	The York Theatre Company	Parish Hall at the Church of Heavenly Rest
1969-12-21T00:00:00	Lady Macbeth	Elizabeth Owens	Bill Accles	Roundabout Theatre Company	Roundabout Stage II
1974-04-13T00:00:00	Lady Macbeth	Laura Esterman	Edward Berkeley	New York Shakespeare Festival Lincoln Center	Mitzi E. Newhouse Theater
1962-11-15T00:00:00	Lady Macbeth	Betty Miller	Gladys Vaughan	Joseph Papp Public Theater/New York Shakespeare Festival	Heckscher Theatre
1955-10-19T00:00:00	Lady Macbeth	M'el Dowd	Brian Shaw	Shakespearewrights	Jan Hus Playhouse
2015-05-20T00:00:00	Lady Macbeth / First Witch	Jennifer Ikeda	Edward Torres	The Public Theater	Joseph Papp Public Theater/Susan Stein Shiva Theater
2015-05-20T00:00:00	Lady Macbeth / First Witch	Jennifer Ikeda	Edward Torres	The Public Theater	Joseph Papp Public Theater/Susan Stein Shiva Theater
2016-05-30T00:00:00	Lady Macbeth's Attendant	Jessica B. Hill	Antoni Cimolino	Stratford Festival	Festival Theatre (Canada)
2016-05-30T00:00:00	Lady Macbeth's Attendant	Jessica B. Hill	Antoni Cimolino	Stratford Festival	Festival Theatre (Canada)
2008-04-08T00:00:00	Lady Macbeth's servant	Oliver Birch	Rupert Goold	Duncan C. Weldon, Paul Elliott, Jeffrey Archer, Bill Ballard, Terri & Timothy Childs, Rodger Hess, David Mirvish, Adriana Mnuchin, Emanuel Azenberg and BAM	Lyceum Theatre
2008-04-08T00:00:00	Lady Macbeth's servant	Oliver Birch	Rupert Goold	Duncan C. Weldon, Paul Elliott, Jeffrey Archer, Bill Ballard, Terri & Timothy Childs, Rodger Hess, David Mirvish, Adriana Mnuchin, Emanuel Azenberg and BAM	Lyceum Theatre
2004-11-18T00:00:00	Lady Macbeth/ 2nd Witch/ 2nd Murderer/ Lennox	Susie Riddell	director unknown	Oddsocks Productions	UK Tour
2004-11-18T00:00:00	Lady Macbeth/ 2nd Witch/ 2nd Murderer/ Lennox	Susie Riddell	director unknown	Oddsocks Productions	UK Tour
1977-01-01T00:00:00	Lady Macbeth/ Witch	Angelique Rockas	David Smith	The Company	Tramshed
1977-01-01T00:00:00	Lady Macbeth/ Witch	Angelique Rockas	David Smith	The Company	Tramshed
1998-08-09T00:00:00	Lady Macbeth/Weird Sister/Messenger	Maddy Kerr	Donald Sumpter	Heartbreak Productions	UK Tour
1998-08-09T00:00:00	Lady Macbeth/Weird Sister/Messenger	Maddy Kerr	Donald Sumpter	Heartbreak Productions	UK Tour
1988-12-17T00:00:00	Lady Macbeth/Witch	Frances Barber	Braham Murray	Royal Exchange Theatre	Royal Exchange Theatre, Manchester
1988-12-17T00:00:00	Lady Macbeth/Witch	Frances Barber	Braham Murray	Royal Exchange Theatre	Royal Exchange Theatre, Manchester
2017-11-18T00:00:00	Lady Macbeth/Witch 3	Sadie Pepperell	Paul Tomlinson	Devil You Know	Bussey Building Peckham Rye
2017-11-18T00:00:00	Lady Macbeth/Witch 3	Sadie Pepperell	Paul Tomlinson	Devil You Know	Bussey Building Peckham Rye
1986-05-20T00:00:00	Lady to Ophelia	Hazel Desbarats	John Neville	Stratford Festival	Avon Theatre (Canada)
1976-06-07T00:00:00	Lady to Ophelia (a)	Pat Galloway	William Hutt	Stratford Festival	Avon Theatre (Canada)
1976-06-07T00:00:00	Lady to Ophelia (b)	Pat Bentley-Fisher	William Hutt	Stratford Festival	Avon Theatre (Canada)
2008-01-01T00:00:00	Lear's Fool	Danny Lee Wynter	Dominic Dromgoole	Shakespeare's Globe	Shakespeare's Globe
2004-06-30T00:00:00	Lear's Fool	John Normington	Bill Alexander	Royal Shakespeare Company	Royal Shakespeare Theatre, Stratford-upon-Avon
2007-05-31T00:00:00	Lear's Fool	Sylvester McCoy	Trevor Nunn	Royal Shakespeare Company	Courtyard Theatre, Stratford-upon-Avon
1990-10-09T00:00:00	Lear's Fool	Christopher McCann	Gerald Freedman	Roundabout Theatre Company	Union Square Theatre
1973-07-26T00:00:00	Lear's Fool	Tom Aldredge	Edwin Sherin	Joseph Papp Public Theater/New York Shakespeare Festival	Delacorte Theater
1962-08-13T00:00:00	Lear's Fool	Roscoe Lee Browne	Joseph Papp	Joseph Papp Public Theater/New York Shakespeare Festival	Delacorte Theater
2010-03-02T00:00:00	Lear's Gentleman	James Gale	David Farr	Royal Shakespeare Company	Courtyard Theatre, Stratford-upon-Avon
2016-09-01T00:00:00	Lear's Gentleman	Eke Chukwu	Gregory Doran	Royal Shakespeare Company	Royal Shakespeare Theatre, Stratford-upon-Avon
2008-01-01T00:00:00	Lear's Knight	Kevork Malikyan	Dominic Dromgoole	Shakespeare's Globe	Shakespeare's Globe
2007-11-24T00:00:00	Lear, King of Britain	David Knight	director unknown	Headgate Theatre Productions	Headgate Theatre, Colchester
2001-01-01T00:00:00	Lear’s Fool	Anthony O Donnell	Jonathan Kent	unknown production company	Almeida Theatre, London, Islington
1997-01-01T00:00:00	Lear’s Fool	Michael Bryant	Richard Eyre	National Theatre	Cottesloe Theatre, National Theatre
1986-12-03T00:00:00	Lear’s Fool	Roshan Seth	David Hare	National Theatre	Olivier Theatre, National Theatre
2001-01-01T00:00:00	Lear’s Fool	Anthony O Donnell	Jonathan Kent	unknown production company	Almeida Theatre, London, Islington
1997-01-01T00:00:00	Lear’s Fool	Michael Bryant	Richard Eyre	National Theatre	Cottesloe Theatre, National Theatre
1986-12-03T00:00:00	Lear’s Fool	Roshan Seth	David Hare	National Theatre	Olivier Theatre, National Theatre
1997-01-01T00:00:00	Lear’s Gentleman	Martin Chamberlain	Richard Eyre	National Theatre	Cottesloe Theatre, National Theatre
1942-07-08T00:00:00	Lennox; Servant to Macbeth	Alan Badel	John Gielgud	unknown production company	Piccadilly Theatre, London
2006-01-01T00:00:00	Lepidus, Antony's Ambassador, Schoolmaster	John Bett	Dominic Dromgoole	Shakespeare's Globe	Shakespeare's Globe
1961-03-18T00:00:00	Lepidus/Guard to Antony	Brian Blessed	Bernard Hepton	unknown production company	Birmingham Repertory Theatre
1964-01-01T00:00:00	Lodovico; U.S Othello; T/O Brabantio	Kenneth Mackintosh	John Dexter	National Theatre	Alexandra Theatre, Birmingham
1986-06-18T00:00:00	Macbeth (b)	Kim Coates	Tom Kerr	Stratford Festival	Tom Patterson Theatre (Canada)
2001-01-01T00:00:00	Macbeth's Servant	Glenn Chapman	Gregory Doran	Royal Shakespeare Company	Filmed for television
2007-07-28T00:00:00	Macbeth, Thane of Glamis, later of Cawdor, then King	David Elliott	Claire Warden	The Priory Players	Trinity Street Gardens, Marshall Legal LLP, Colchester
1998-08-09T00:00:00	Macbeth/Weird Sister	Peter Mimmack	Donald Sumpter	Heartbreak Productions	UK Tour
1985-01-01T00:00:00	Macbeth’s Servant	Paul Owen	The People Show	The People Show	Leicester Haymarket
1972-11-07T00:00:00	Macbeth’s Soldier	Richard Howard	Michael Blakemore	National Theatre	Old Vic, London
1972-11-07T00:00:00	Macbeth’s Soldier; T/O Third Murderer; T/O Old Man	David Bradley	Michael Blakemore	National Theatre	Old Vic, London
2006-01-01T00:00:00	Marc Antony	Nicholas Jones	Dominic Dromgoole	Shakespeare's Globe	Shakespeare's Globe
2005-04-03T00:00:00	Marc Antony	Eamonn Walker	Daniel Sullivan	Carole Shorenstein Hays and Freddy DeMann	Belasco Theatre
1950-06-20T00:00:00	Marc Antony	Alfred Ryder	Dan Levin	David Heilweil and Derrick Lynn-Thomas	Arena Theatre
1937-11-11T00:00:00	Marc Antony	George Coulouris	Orson Welles	Orson Welles and John Houseman	Mercury Theatre
1917-04-16T00:00:00	Marc Antony	Fritz Leiber	director unknown	Robert B. Mantell Repertoire	44th Street Theatre
1927-06-06T00:00:00	Marc Antony	James Rennie	John Craig	The Players Club	New Amsterdam Theatre
1922-01-16T00:00:00	Marc Antony	Fritz Leiber	director unknown	unknown production company	48th Street Theatre
1910-01-17T00:00:00	Marc Antony	Douglas J. Wood	director unknown	Ben Greet Repertory	Garden Theatre
1912-11-04T00:00:00	Marc Antony	William Faversham	director unknown	William Faversham	Lyric Theatre
1902-12-01T00:00:00	Marc Antony	Arthur Forrest	director unknown	Richard Mansfield	Herald Square Theatre
1985-01-01T00:00:00	Messenger to Lady Macbeth	Mark Long	The People Show	The People Show	Leicester Haymarket
1985-01-01T00:00:00	Messenger to Lady Macbeth	Mark Long	The People Show	The People Show	Leicester Haymarket
1995-05-31T00:00:00	Messenger to Macbeth	Jordan Pettle	Marti Maraden	Stratford Festival	Festival Theatre (Canada)
1962-11-15T00:00:00	Messenger to Macbeth	William Devane	Gladys Vaughan	Joseph Papp Public Theater/New York Shakespeare Festival	Heckscher Theatre
1960-01-01T00:00:00	Nurse to Juliet	Peggy Mount	Franco Zeffirelli	Old Vic Company	Old Vic, London
1940-05-09T00:00:00	Nurse to Juliet	Dame May Whitty	Laurence Olivier	Laurence Olivier	51st Street Theatre
1977-03-17T00:00:00	Nurse to Juliet	Jan Miner	Theodore Mann	Circle in the Square	Circle in the Square Theatre
1951-03-10T00:00:00	Nurse to Juliet	Evelyn Varden	Peter Glenville	Dwight Deere Wiman	Broadhurst Theatre
1956-10-24T00:00:00	Nurse to Juliet	Wynne Clark	Robert Helpmann	Old Vic Trust, Ltd. and Arts Council of Great Britain	Winter Garden Theatre
1935-12-23T00:00:00	Nurse to Juliet	Florence Reed	director unknown	Katharine Cornell	Martin Beck Theatre
1930-04-21T00:00:00	Nurse to Juliet	Leona Roberts	Eva Le Gallienne	Civic Repertory Theatre, Inc.	Civic Repertory Theatre
1922-12-27T00:00:00	Nurse to Juliet	Charlotte Granville	director unknown	Arthur Hopkins	Longacre Theatre
1915-11-22T00:00:00	Nurse to Juliet	Ffolliott Paget	Jacques Coini	David Chanler Dramatic Co.	44th Street Theatre
1934-12-20T00:00:00	Nurse to Juliet	Edith Evans	director unknown	Katharine Cornell	Martin Beck Theatre
1922-01-16T00:00:00	Nurse to Juliet	Mary Williams	director unknown	unknown production company	48th Street Theatre
1923-01-24T00:00:00	Nurse to Juliet	Jessie Ralph	director unknown	The Selwyns and Adolph Klauber	Henry Miller's Theatre
1913-09-22T00:00:00	Nurse to Juliet	Ina Goldsmith	director unknown	Sothern & Marlowe Repertory	Manhattan Opera House
1915-02-01T00:00:00	Nurse to Juliet	Genevieve Reynolds	director unknown	William A. Brady and Robert B. Mantell Repertoire	44th Street Theatre
1904-10-17T00:00:00	Nurse to Juliet	Mrs. Sol Smith	director unknown	Charles Frohman	Knickerbocker Theatre
1903-05-25T00:00:00	Nurse to Juliet	Mrs. W. G. Jones	director unknown	Liebler & Co.	Knickerbocker Theatre
1903-02-16T00:00:00	Nurse to Juliet	Emma Brennan Ince	director unknown	Frank Lea Short	Mrs. Osborn's Playhouse
1956-02-23T00:00:00	Nurse to Juliet	Gertrude Kinnell	Brian Shaw	Shakespearewrights	Jan Hus Playhouse
1959-06-30T00:00:00	Officer to Othello	Garrick Hagon	Jean Gascon	Stratford Festival	Festival Theatre (Canada)
1959-06-30T00:00:00	Officer to Othello	Walter Mathews	Jean Gascon	Stratford Festival	Festival Theatre (Canada)
1981-09-17T00:00:00	Old Hamlet's Ghost	David Waller	John Barton	Royal Shakespeare Company	Aldwych Theatre, London
1981-04-06T00:00:00	Old Hamlet's Ghost	Raymond Westwell	John Barton	Royal Shakespeare Company	Royal Shakespeare Theatre, Stratford-upon-Avon
1991-01-01T00:00:00	Ophelia 	Claire Hackett	Paul Unwin	unknown production company	Bristol Old Vic
1979-11-17T00:00:00	Ophelia 	Judy Lloyd	Robert Walker	unknown production company	Half Moon Theatre, London
1998-05-21T00:00:00	Ophelia's Lady	Jenifer Armitage	Matthew Warchus	Royal Shakespeare Company	Brooklyn Academy of Music Opera House, New York, USA
1970-02-12T00:00:00	Ophelia, daughter to Polonius	Anna Massey	Peter Dews	unknown production company	Birmingham Repertory Theatre
1969-04-19T00:00:00	Ophelia, daughter to Polonius	Gemma Jones	Peter Dews	unknown production company	Birmingham Repertory Theatre
2016-01-01T00:00:00	Ophelia/ Gertrude/ Horatio/ Rosencrantz	Phoebe Fildes	Dominic Dromgoole & Bill Buckhurst	Shakespeare's Globe	Shakespeare's Globe
2016-01-01T00:00:00	Ophelia/ Gertrude/ Horatio/ Rosencrantz	Amanda Wilkin	Dominic Dromgoole & Bill Buckhurst	Shakespeare's Globe	Shakespeare's Globe
2016-01-01T00:00:00	Ophelia/ Horatio/ Rosencrantz	Jennifer Leong	Dominic Dromgoole & Bill Buckhurst	Shakespeare's Globe	Shakespeare's Globe
2006-11-01T00:00:00	Ophelia’s song by	Rebecca Hart	Dov Weinstein	Royal Shakespeare Company	The Cube, Royal Shakespeare Theatre, Stratford-upon-Avon
1956-10-27T00:00:00	Osric/ Ghost of Hamlet's Father	Roger C. Carmel	Mitchell Jason	Shakespearewrights	Shakespearewrights Theatre
1989-01-01T00:00:00	Osric; U/S Hamlet; T/O Laertes	Jeremy Northam	Richard Eyre	National Theatre	Olivier Theatre, National Theatre
2006-08-30T00:00:00	Othello (in selected performances)	David Emerson Toney	Michael Kahn	Shakespeare Theatre Company	Lansburgh Theatre
1989-09-20T00:00:00	Othello Soldier 1	David Hounslow	Trevor Nunn	Royal Shakespeare Company	Young Vic, London
1989-09-20T00:00:00	Othello Soldier 2	Brian Lawson	Trevor Nunn	Royal Shakespeare Company	Young Vic, London
2016-02-23T00:00:00	Othello Understudy	J Paul Nichols*	Ron Daniels	Shakespeare Theatre Company	Sidney Harman Hall
1980-08-14T00:00:00	Othello's soldier	Alan Gill	Ronald Eyre	Royal Shakespeare Company	Aldwych Theatre, London
1980-08-14T00:00:00	Othello's soldier	Patrick Gordon	Ronald Eyre	Royal Shakespeare Company	Aldwych Theatre, London
1980-08-14T00:00:00	Othello's soldier	Stephen Rashbrook	Ronald Eyre	Royal Shakespeare Company	Aldwych Theatre, London
1980-08-14T00:00:00	Othello's soldier	Mark Tandy	Ronald Eyre	Royal Shakespeare Company	Aldwych Theatre, London
1955-01-01T00:00:00	Page to Lear	Sonia Fraser	John Moody	unknown production company	Bristol Old Vic
1974-04-04T00:00:00	Player King/Ghost of Hamlet’s father	Anthony Nicholls	Jonathan Miller	Greenwich Theatre Company	Greenwich Theatre, London
1999-01-01T00:00:00	Pompey / Messenger 2 / Taurus / Soldier to Cleopatra / Soldiers 6 & 9 / Diomedes / Gallus	Mark Lewis Jones	Giles Block	Shakespeare's Globe	Shakespeare's Globe
2005-05-30T00:00:00	Prospero (Alternate)	STEPHEN RUSSELL	RICHARD MONETTE	Stratford Festival	Festival Theatre (Canada)
2005-01-01T00:00:00	Prospero, Sebastian, Stephano	Mark Rylance	Tim Carroll	Shakespeare's Globe	Shakespeare's Globe
1995-01-01T00:00:00	Prospero/Ariel Voice	Gerrard McArthur	Silviu Purcarete	Nottingham Playhouse and Theatr Clwyd	Clwyd Theatr Cymru, Mold
1995-01-01T00:00:00	Prospero/Ariel Voice	Gerrard McArthur	Silviu Purcarete	Nottingham Playhouse and Theatr Clwyd	Clwyd Theatr Cymru, Mold
1943-03-24T00:00:00	Richard, Duke of Gloucester, afterwards Richard III	George Coulouris	George Coulouris	Theater Productions	Forrest Theatre
1979-06-14T00:00:00	Richard, Duke of Gloucester, afterwards Richard III	Al Pacino	David Wheeler	The Shubert Organization	Cort Theatre
1949-02-08T00:00:00	Richard, Duke of Gloucester, afterwards Richard III	Richard Whorf	Richard Barr	Herman Levin	Booth Theatre
1920-03-06T00:00:00	Richard, Duke of Gloucester, afterwards Richard III	John Barrymore	director unknown	Arthur Hopkins	Plymouth Theatre
1917-04-16T00:00:00	Richard, Duke of Gloucester, afterwards Richard III	Robert B. Mantell	director unknown	Robert B. Mantell Repertoire	44th Street Theatre
1908-02-17T00:00:00	Richard, Duke of Gloucester, afterwards Richard III	Henry Ludlowe	director unknown	Mr. Hazelton and Mr. North	Bijou Theatre
1750-03-05T00:00:00	Richard, Duke of Gloucester, afterwards Richard III	Thomas Kean	director unknown	unknown production company	Nassau Street Theatre
2009-01-01T00:00:00	Romeo 	Adetomiwa Edun	Dominic Dromgoole	Shakespeare's Globe	Shakespeare's Globe
2009-07-18T00:00:00	Romeo Montague	Will Parrick	Kerry King	The Priory Players	Trinity Street Gardens, Marshall Legal LLP, Colchester
2004-02-14T00:00:00	Romeo, son of Montague 	Tommy Mullins	director unknown	Perth Theatre Company	Perth Theatre, Scotland
1935-10-17T00:00:00	Romeo; T/O Chorus, Mercutio	Laurence Olivier	John Gielgud	unknown production company	New Theatre, London
1951-12-20T00:00:00	Sentry to Antony	John Dunbar	Michael Benthall	Gilbert Miller	Ziegfeld Theatre
1951-12-20T00:00:00	Sentry to Antony	Paul Homer	Michael Benthall	Gilbert Miller	Ziegfeld Theatre
1972-11-07T00:00:00	Sergeant; T/O Banquo; T/O Macbeth	John Shrapnel	Michael Blakemore	National Theatre	Old Vic, London
2005-04-03T00:00:00	Servant To Antony	Ed Onipede Blunt	Daniel Sullivan	Carole Shorenstein Hays and Freddy DeMann	Belasco Theatre
1950-06-20T00:00:00	Servant To Antony	Charles Vocalis	Dan Levin	David Heilweil and Derrick Lynn-Thomas	Arena Theatre
1978-05-27T00:00:00	Servant to Lady Macbeth	Ray Edwards	Peter Hall	National Theatre	Olivier Theatre, National Theatre
1962-11-15T00:00:00	Servant to Lady Macbeth	Art Berwick	Gladys Vaughan	Joseph Papp Public Theater/New York Shakespeare Festival	Heckscher Theatre
1978-05-27T00:00:00	Servant to Lady Macbeth	Ray Edwards	Peter Hall	National Theatre	Olivier Theatre, National Theatre
1962-11-15T00:00:00	Servant to Lady Macbeth	Art Berwick	Gladys Vaughan	Joseph Papp Public Theater/New York Shakespeare Festival	Heckscher Theatre
1937-01-01T00:00:00	Servant to Macbeth	Frank Seton	Michel St Denis	unknown production company	Old Vic, London
1983-06-05T00:00:00	Servant to Macbeth	Holly Dennison	Des McAnuff	Stratford Festival	Festival Theatre (Canada)
1983-06-05T00:00:00	Servant to Macbeth	Marie Stillin	Des McAnuff	Stratford Festival	Festival Theatre (Canada)
1983-06-05T00:00:00	Servant to Macbeth	Steve Yorke	Des McAnuff	Stratford Festival	Festival Theatre (Canada)
1983-06-05T00:00:00	Servant to Macbeth	Peter Zednik	Des McAnuff	Stratford Festival	Festival Theatre (Canada)
1978-06-07T00:00:00	Servant to Macbeth	Peter Donaldson	Robin Phillips	Stratford Festival	Festival Theatre (Canada)
1962-11-15T00:00:00	Servant to Macbeth	Leslie Sapiro	Gladys Vaughan	Joseph Papp Public Theater/New York Shakespeare Festival	Heckscher Theatre
1978-05-27T00:00:00	Servant to Macbeth; First Apparition	Peter Jolley	Peter Hall	National Theatre	Olivier Theatre, National Theatre
1979-08-08T00:00:00	Servant to Othello	Wilfrid Dube	Frances Hyland	Stratford Festival	Festival Theatre (Canada)
2007-07-28T00:00:00	Seyton, Macbeth’s armour bearer	Ben Field	Claire Warden	The Priory Players	Trinity Street Gardens, Marshall Legal LLP, Colchester
1959-01-01T00:00:00	Singer: Ariel	Mary Thomas	Douglas Seale	unknown production company	Old Vic, London
1979-08-06T00:00:00	Soldier of Othello	David Creedon	Ronald Eyre	Royal Shakespeare Company	Royal Shakespeare Theatre, Stratford-upon-Avon
2007-05-28T00:00:00	Standby Fool	KEITH DINICOL	BRIAN BEDFORD	Stratford Festival	Festival Theatre (Canada)
1989-01-01T00:00:00	T/O Hamlet	Ian Charleson	Richard Eyre	National Theatre	Olivier Theatre, National Theatre
1972-11-07T00:00:00	T/O Macbeth’s servant	James Smith	Michael Blakemore	National Theatre	Old Vic, London
1946-09-24T00:00:00	The Fool	Alec Guinness	Laurence Olivier	Old Vic Co.	New Theatre, London
1987-01-01T00:00:00	The Fool	Luis Oropeza	Edward Hastings	American Conservatory Theatre	American Conservatory Theatre, San Franciso
1957-01-01T00:00:00	The Fool	Paul Daneman	Douglas Seale	unknown production company	Old Vic, London
1922-01-01T00:00:00	The Fool	Andrew Leigh	Robert Atkins	Old Vic	Old Vic, London
1970-02-12T00:00:00	The Ghost of Hamlet’s Father	Tim Fearon	Peter Dews	unknown production company	Birmingham Repertory Theatre
1987-04-14T00:00:00	Third Witch; Lady Macbeth	Decima Francis	Peter Gill	National Theatre	Cottesloe Theatre, National Theatre
1987-04-14T00:00:00	Third Witch; Lady Macbeth	Decima Francis	Peter Gill	National Theatre	Cottesloe Theatre, National Theatre
1951-01-01T00:00:00	t/o King Lear	John Colicos	Hugh Hunt	unknown production company	Old Vic, London
