actor_name	formatted_bday	actor_gender	ethnicity	age_is_est	bday_data_source	is_actor	photo_url	ethnic_cat
Tommy Mullins	person not found on wiki	unknown	unknown	unknown				unknown
Dorothy Massingham	1889-12-12T00:00:00	female	unknown	FALSE	https://www.encyclopedia.com/women/dictionaries-thesauruses-pictures-and-press-releases/massingham-dorothy-1889-1933			unknown
Helen McCrory	1968-08-17T00:00:00	female	unknown	FALSE	Wikipedia	TRUE		unknown
Helen Sheals	person not found on wiki	unknown	unknown					unknown
Hilary Lyon	person not found on wiki	unknown	unknown	unknown				unknown
Murray Carrington	1885-03-13T00:00:00	male	unknown	FALSE	https://www.imdb.com/name/nm0140584/			unknown
Susie Riddell	1978-07-01T00:00:00	female	unknown	TRUE	http://www.bbc.co.uk/programmes/profiles/gQ9f0WVGpJFgfZvrRNdZcH/tracy-horrobin			unknown
Octavia Walters	person not found on wiki	unknown	unknown	unknown				unknown
G Hippisley	person not found on wiki	unknown	unknown	unknown				unknown
Jenny Quayle	1950-03-01T00:00:00	female	unknown	TRUE	https://www.imdb.com/name/nm0703037/bio			unknown
Florence Saunders	1890-06-24T00:00:00	female	unknown	FALSE	https://www.imdb.com/name/nm0761549/bio			unknown
Godfrey Kenton	1902-04-13T00:00:00	male	unknown	FALSE	https://www.imdb.com/name/nm0448917/ 			unknown
Alexandra Mathie	person not found on wiki	unknown	unknown	unknown				unknown
F W Wyndham	person not found on wiki	unknown	unknown	unknown				unknown
Dorothy Green	1920-01-12T00:00:00	female	unknown	FALSE	Wikipedia			unknown
Anna Zubrzycki	person not found on wiki	unknown	unknown	unknown				unknown
Damien Gulde	person not found on wiki	unknown	unknown	unknown				unknown
Adelaide Helen Calvert	1836-07-01T00:00:00	unknown	unknown	TRUE	Wikipedia			unknown
Boris Mitkov	person not found on wiki	unknown	unknown	unknown				unknown
Sinead Cusack	1948-02-18T00:00:00	female	unknown	FALSE	Wikipedia			unknown
Emma Pallant	person not found on wiki	unknown	unknown	unknown				unknown
Howard Southern	person not found on wiki	unknown	unknown	unknown				unknown
Mrs Charles Calvert	person not found on wiki	unknown	unknown	unknown				unknown
Meg Fraser	person not found on wiki	unknown	unknown	unknown				unknown
Nichola McAuliffe	1955-08-27T00:00:00	female	unknown	FALSE	Wikipedia			unknown
Maddy Kerr	person not found on wiki	unknown	unknown	unknown				unknown
Joe Shaw	1972-11-15T00:00:00	male	unknown	FALSE	Google			unknown
Seana McKenna	1956-08-15T00:00:00	female	unknown	FALSE	Wikipedia			unknown
Hilary Maclean	1964-11-01T00:00:00	female	unknown	TRUE	https://www.edinburghnews.scotsman.com/news/entertainment/telly-star-hilary-is-home-on-the-stage-where-it-all-began-1-4745123			unknown
F R Benson	1858-11-04T00:00:00	male	unknown	FALSE	Wikipedia			unknown
Marcia Kash	person not found on wiki	unknown	unknown	unknown				unknown
Zoe Aldrich	person not found on wiki	unknown	unknown	unknown				unknown
Tessa Auberjonois	1972-07-01T00:00:00	female	unknown	TRUE	https://goodmenproject.com/arts/life-with-a-famous-father-js/			unknown
Clarence Smith	person not found on wiki	unknown	unknown	unknown				unknown
Jeff Lillico	1980-08-01T00:00:00	male	unknown	TRUE	https://www.thespec.com/whatson-story/2189798-jeff-lillico-is-lighting-up-the-piazza/			unknown
Kate Myre	person not found on wiki	unknown	unknown	unknown				unknown
Peter McEnery	1940-02-21T00:00:00	male	unknown	FALSE	Wikipedia			unknown
Amy Thone	1964-07-01T00:00:00	female	unknown	TRUE	https://www.3rdactmagazine.com/lifestyle/amy-thone-explores-politics-gender/			unknown
Benedict Fogarty	person not found on wiki	unknown	unknown	unknown				unknown
Pilar Witherspoon	1968-09-06T00:00:00	female	unknown	FALSE	Google			unknown
Yanna McIntosh	1970-07-01T00:00:00	female	Black	TRUE	Wikipedia			unknown
Oscar Pearce	person not found on wiki	unknown	unknown	unknown				unknown
Melita Jurisic	person not found on wiki	unknown	unknown	unknown				unknown
Jennifer Piercey	person not found on wiki	unknown	unknown	unknown				unknown
Derek D. Smith	person not found on wiki	unknown	unknown	unknown				unknown
Virginia Bronson	person not found on wiki	unknown	unknown	unknown				unknown
Rene Moreno	1959-09-01T00:00:00	male	unknown	TRUE	https://www.dallasnews.com/arts/theater/2017/03/28/beloved-actor-director-educator-ren-moreno-dead-57			unknown
Georgine Anderson	1928-01-01T00:00:00	female	unknown	TRUE	https://www.imdb.com/name/nm0026753/			unknown
Rollo Peters	1892-07-01T00:00:00	male	unknown	TRUE	https://www.nytimes.com/1967/01/22/archives/rollo-peters-74-actordirector-cofounder-of-theater-guild-diesalso.html			unknown
Patricia Kerrigan	1961-07-01T00:00:00	female	unknown	TRUE	https://www.imdb.com/name/nm0449873/			unknown
McKay Morris	1891-12-22T00:00:00	male	unknown	FALSE	http://www.playbill.com/person/mckay-morris-vault-0000092660			unknown
Lindsey Franklin	person not found on wiki	unknown	unknown	unknown				unknown
Mark Niebuhr	person not found on wiki	unknown	unknown	unknown				unknown
Alma Dickson	1900-07-01T00:00:00	female	unknown	TRUE	https://www.imdb.com/name/nm1919247/			unknown
Andrea Weber	person not found on wiki	unknown	unknown	unknown				unknown
Donald Cameron	person not found on wiki	unknown	unknown	unknown				unknown
Olive Oliver	person not found on wiki	unknown	unknown	unknown				unknown
Julian Cihi	1987-04-01T00:00:00	male	Asian	TRUE	https://www.broadway.com/buzz/172120/julian-cihi-on-his-leap-from-serving-ramen-noodles-to-romancing-elizabeth-olsen-in-cscs-romeo-juliet/			unknown
Franchelle Stewart Dorn	1949-11-06T00:00:00	female	Black	FALSE	https://www.imdb.com/name/nm0233835/bio?ref_=nm_ov_bio_sm			unknown
Sean Mcnall	person not found on wiki	unknown	unknown	unknown				unknown
Marie Booth Russell	person not found on wiki	unknown	unknown	unknown				unknown
Rosa Maria Velasco	person not found on wiki	unknown	unknown	unknown				unknown
Melissa Friedman	person not found on wiki	unknown	unknown	unknown				unknown
Sadie Pepperell	1994-04-01T00:00:00	female	unknown	TRUE	https://kingston-college.ac.uk/component/k2/former-student-lands-place-at-top-drama-school			unknown
Richard Novello	person not found on wiki	unknown	unknown	unknown				unknown
Miss Calhoun	person not found on wiki	unknown	unknown	unknown				unknown
Ching Valdes-Aran	person not found on wiki	unknown	unknown	unknown				unknown
Robert Rietz	person not found on wiki	unknown	unknown	unknown				unknown
Winsome Brown	person not found on wiki	unknown	unknown	unknown				unknown
Octavio Cervantes	person not found on wiki	unknown	unknown	unknown				unknown
Allison Mckenzie	1979-10-11T00:00:00	female	unknown	FALSE	Google			unknown
Betty Miller	person not found on wiki	unknown	unknown	unknown				unknown
Mr. Rigby	person not found on wiki	unknown	unknown	unknown				unknown
Johanne Murdock	person not found on wiki	unknown	unknown	unknown				unknown
Keith Wakeman	person not found on wiki	unknown	unknown	unknown				unknown
Mrs. James W. Wallack, Jr.	person not found on wiki	unknown	unknown	unknown				unknown
Chaon Cross	1977-08-01T00:00:00	female	unknown	TRUE	http://www.chicagomag.com/Chicago-Magazine/March-2011/50-Most-Beautiful-Chicagoans-Chaon-Cross/			unknown
M'el Dowd	1933-02-02T00:00:00	female	unknown	FALSE	Wikipedia			unknown
Gareth Potter	person not found on wiki	unknown	unknown	unknown				unknown
Eleanor Kent	person not found on wiki	unknown	unknown	unknown				unknown
Andrew Veenstra	1988-01-01T00:00:00	male	unknown	TRUE	http://history.cfac.byu.edu/index.php/Andrew_Veenstra			unknown
James Tudor	person not found on wiki	unknown	unknown	unknown				unknown
Shelley Willetts	person not found on wiki	unknown	unknown	unknown				unknown
Tobi Weinberg	1938-11-10T00:00:00	female	unknown	FALSE	https://www.imdb.com/name/nm7981995/			unknown
Siobhan Stanley	person not found on wiki	unknown	unknown	unknown				unknown
Sara Green	person not found on wiki	unknown	unknown	unknown				unknown
Larry Yando	1957-03-01T00:00:00	male	unknown	TRUE	http://www.chicagotribune.com/entertainment/theater/ct-larry-yando-theater-profile-column.html			unknown
Roger Hume	person not found on wiki	unknown	unknown	unknown				unknown
Nigel Barnard Hawthorne	person not found on wiki	unknown	unknown	unknown				unknown
Richard Haddon Haines	1948-07-01T00:00:00	male	unknown	FALSE	https://www.imdb.com/name/nm0354285/			unknown
Ted van Griethuysen	1934-11-07T00:00:00	male	unknown	FALSE	https://www.imdb.com/name/nm0354285/			unknown
Sterling Jensen	1925-06-01T00:00:00	male	unknown	FALSE	https://www.nytimes.com/1993/12/09/obituaries/sterling-jensen-dies-actor-and-mime-68.html			unknown
Robert Stattel	1932-11-20T00:00:00	male	unknown	FALSE	https://www.imdb.com/name/nm0823835/			unknown
Paul T. Mitri	person not found on wiki	unknown	unknown	unknown				unknown
Yalin Ozucelik	1977-06-30T00:00:00	male	Asian	FALSE	http://www.statemaster.com/encyclopedia/Yalin-Ozucelik			unknown
John E. Kellerd	1862-05-14T00:00:00	male	unknown	FALSE	https://www.imdb.com/name/nm0445799/			unknown
Henry Ludlowe	person not found on wiki	unknown	unknown	unknown				unknown
Jacob Cohen	person not found on wiki	unknown	unknown	unknown				unknown
Ognen Drangovski	person not found on wiki	unknown	unknown	unknown				unknown
Christopher Martin	person not found on wiki	unknown	unknown	unknown				unknown
Baliol Holloway	1883-02-28T00:00:00	male	unknown	FALSE	https://www.imdb.com/name/nm0391287/			unknown
Makram J. Khoury	1945-05-30T00:00:00	male	Asian	FALSE	Wikipedia			Arab, Palestinian
Edward Lyall Swete	1865-07-25T00:00:00	male	unknown	FALSE	https://www.imdb.com/name/nm0842493/			unknown
Jones Finch	person not found on wiki	unknown	unknown	unknown				unknown
Tim McInnerny	1956-09-18T00:00:00	male	unknown	FALSE	Wikipedia			unknown
Rupert Wickham	1964-07-01T00:00:00	male	unknown	TRUE	https://www.imdb.com/name/nm0926914/			unknown
Geoffrey Morgan	person not found on wiki	unknown	unknown	unknown				unknown
Mathew Shepherd	person not found on wiki	unknown	unknown	unknown				unknown
Edwin Lever	person not found on wiki	unknown	unknown	unknown				unknown
Jonno Roberts	1975-05-01T00:00:00	male	unknown	TRUE	https://www.noted.co.nz/archive/listener-nz-2003/take-me-higher/			unknown
Michael Milligan	1979-07-01T00:00:00	male	unknown	TRUE	http://mercykillerstheplay.com/wp-content/uploads/M_Milligan_Acting_Resume_11-17-20121.pdf			unknown
Jonathan Goad	1971-03-20T00:00:00	male	unknown	FALSE	Google			unknown
Raymond Westwell	1919-01-06T00:00:00	male	unknown	FALSE	http://tardis.wikia.com/wiki/Raymond_Westwell			unknown
Oliver Hickey	person not found on wiki	unknown	unknown	unknown				unknown
Danforth Comins	1975-07-01T00:00:00	male	unknown	TRUE	https://www.plu.edu/marcom/news/2011/03/24/community-fuels-actors-work/			unknown
Anthony Cochrane	person not found on wiki	unknown	unknown	unknown				unknown
Seth Duerr	person not found on wiki	unknown	unknown	unknown				unknown
Wolfgang Pregler	1956-06-09T00:00:00	male	unknown	FALSE	Google			unknown
Geraint Wyn Davies	1957-04-20T00:00:00	male	unknown	FALSE	Wikipedia			unknown
Nicholas Kepros	1932-11-08T00:00:00	male	unknown	FALSE	https://www.imdb.com/name/nm0449162/			unknown
Richard McCabe	1960-08-18T00:00:00	male	unknown	FALSE	Google			unknown
Mr Thalberg	person not found on wiki	unknown	unknown	unknown				unknown
Kenneth MacKenna	1899-08-19T00:00:00	male	unknown	FALSE	Wikipedia			unknown
John Mackay	person not found on wiki	unknown	unknown	unknown				unknown
Mark Lockyer	1965-07-01T00:00:00	male	unknown	TRUE	https://www.thestage.co.uk/features/interviews/2016/mark-lockyer-i-was-convinced-i-would-die-if-i-went-back-on-stage/			unknown
Christopher Middleton	person not found on wiki	unknown	unknown	unknown				unknown
Aidan McArdle	1970-07-01T00:00:00	male	unknown	TRUE	Wikipedia			unknown
W H Hallatt	person not found on wiki	unknown	unknown	unknown				unknown
William Shust	person not found on wiki	unknown	unknown	unknown				unknown
Alan MacKenzie Howard	1937-08-05T00:00:00	male	unknown	FALSE	Wikipedia			unknown
Steve Pickering	person not found on wiki	unknown	unknown	unknown				unknown
Brian Reddy	person not found on wiki	unknown	unknown	unknown				unknown
Neil Dainard	person not found on wiki	unknown	unknown	unknown				unknown
Jesse J. Perez	1977-07-01T00:00:00	male	Latino	TRUE	https://www.salzburgerfestspiele.at/biography/artistid/13447			unknown
John Paton Laurie	1897-03-25T00:00:00	male	unknown	FALSE	Wikipedia			Mexican
Anthony Eustrel	1902-10-12T00:00:00	male	unknown	FALSE	Wikipedia			unknown
Richard Clothier	person not found on wiki	unknown	unknown	unknown				unknown
Jamie Beamish	person not found on wiki	unknown	unknown	unknown				unknown
Neil Stacy	person not found on wiki	unknown	unknown	unknown				unknown
Frank Rodney	person not found on wiki	unknown	unknown	unknown				unknown
Tom Mccamus	person not found on wiki	unknown	unknown	unknown				unknown
Arthur Whitby	person not found on wiki	unknown	unknown	unknown				unknown
Rob Maloney	person not found on wiki	unknown	unknown	unknown				unknown
David Dodimead	person not found on wiki	unknown	unknown	unknown				unknown
Herbert Grimwood	person not found on wiki	unknown	unknown	unknown				unknown
Chris Porter	person not found on wiki	unknown	unknown	unknown				unknown
Oliver Crombie	person not found on wiki	unknown	unknown	unknown				unknown
Ion Swinley	person not found on wiki	unknown	unknown	unknown				unknown
Neil Caple	person not found on wiki	unknown	unknown	unknown				unknown
Julian D’Albie	person not found on wiki	unknown	unknown	unknown				unknown
Florence Glossop-Harris	person not found on wiki	unknown	unknown	unknown				unknown
Richard Kidd	person not found on wiki	unknown	unknown	unknown				unknown
Virginia Bateman	person not found on wiki	unknown	unknown	unknown				unknown
E Lyall Swete	person not found on wiki	unknown	unknown	unknown				unknown
Vivienne Bennett	person not found on wiki	unknown	unknown	unknown				unknown
Mary Antoinette Anderson	person not found on wiki	unknown	unknown	unknown				unknown
Miss Alleyn	person not found on wiki	unknown	unknown	unknown				unknown
Pattie Adkins	person not found on wiki	unknown	unknown	unknown				unknown
Francesca Faridany	person not found on wiki	unknown	unknown	unknown				unknown
Miss Masson	person not found on wiki	unknown	unknown	unknown				unknown
Rhonda J. Soikowski	person not found on wiki	unknown	unknown	unknown				unknown
Julie Evan Smith	person not found on wiki	unknown	unknown	unknown				unknown
Will Jackson Harper	person not found on wiki	unknown	unknown	unknown				unknown
Andrew Borba	person not found on wiki	unknown	unknown	unknown				unknown
Felix Pitt	person not found on wiki	unknown	unknown	unknown				unknown
Phyllis Relph	person not found on wiki	unknown	unknown	unknown				unknown
Will Featherstone	person not found on wiki	unknown	unknown	unknown				unknown
Kristina Nicoll	person not found on wiki	unknown	unknown	unknown				unknown
Ladi Emeruwa	1989-03-01T00:00:00	male	Black	TRUE	https://www.timeout.com/singapore/theatre/interview-ladi-emeruwa-and-naeem-hayat			unknown
Will Parrick	person not found on wiki	unknown	unknown	unknown				unknown
Andrea Runge	person not found on wiki	unknown	unknown	unknown				unknown
Guy Adkins	person not found on wiki	unknown	unknown	unknown				unknown
William Thomas Hodgson	person not found on wiki	unknown	unknown	unknown				unknown
Beatrice Lamb	person not found on wiki	unknown	unknown	unknown				unknown
Joshua Mcguire	person not found on wiki	unknown	unknown	unknown				unknown
Jane Spidell	person not found on wiki	unknown	unknown	unknown				unknown
Alec McCowen	1925-05-26T00:00:00	male	unknown	FALSE	Wikipedia			unknown
Jamie Ballard	person not found on wiki	unknown	unknown	unknown				unknown
Naeem Hayat	1988-03-01T00:00:00	male	Asian	TRUE	https://www.timeout.com/singapore/theatre/interview-ladi-emeruwa-and-naeem-hayat			unknown
Nancy Palk	person not found on wiki	unknown	unknown	unknown				unknown
Mary Barbara Jefford	person not found on wiki	unknown	unknown	unknown				unknown
Leroy Mcclain	person not found on wiki	unknown	unknown	unknown				unknown
Vaneshran Arumugam	person not found on wiki	unknown	unknown	unknown				unknown
Anew Mcmaster	person not found on wiki	unknown	unknown	unknown				unknown
Lang	person not found on wiki	unknown	unknown	unknown				unknown
Hb Irving	person not found on wiki	unknown	unknown	unknown				unknown
Aleh Sidorchik	person not found on wiki	unknown	unknown	unknown				unknown
Mr Rumball	person not found on wiki	unknown	unknown	unknown				unknown
Nicholas Jeune	person not found on wiki	unknown	unknown	unknown				unknown
Daniel Webb	person not found on wiki	unknown	unknown	unknown				unknown
Hywell Bennett	person not found on wiki	unknown	unknown	unknown				unknown
Joey Santia	1994-09-01T00:00:00	male	unknown	TRUE	https://ilovefc.com/2016/03/03/summer-in-the-park/			unknown
Frances de la Tour	1944-07-30T00:00:00	female	unknown	FALSE	Wikipedia			unknown
Peter O Toole	person not found on wiki	unknown	unknown	unknown				unknown
Ian Pepperell	person not found on wiki	unknown	unknown	unknown				unknown
Wallace Acton	1964-06-01T00:00:00	male	unknown	TRUE	https://www.metroweekly.com/2007/12/return-of-the-king/			unknown
Hilton Mcrae	person not found on wiki	unknown	unknown	unknown				unknown
Colin Tierney	person not found on wiki	unknown	unknown	unknown				unknown
Tom Mcgovern	person not found on wiki	unknown	unknown	unknown				unknown
Edmund Russell	person not found on wiki	unknown	unknown	unknown				unknown
Henry B Irving	person not found on wiki	unknown	unknown	unknown				unknown
Aldora Shem	person not found on wiki	unknown	unknown	unknown				unknown
Siobhan Mckenna	person not found on wiki	unknown	unknown	unknown				unknown
Noble Shropshire	1946-01-01T00:00:00	male	unknown	TRUE	https://www.linkedin.com/in/noble-shropshire-0890265b/			unknown
Peter Aylward	person not found on wiki	unknown	unknown	unknown				unknown
Jeffrey Demunn	person not found on wiki	unknown	unknown	unknown				unknown
Benson	person not found on wiki	unknown	unknown	unknown				unknown
Osmond Tearle	person not found on wiki	unknown	unknown	unknown				unknown
Zho Ye Mang	person not found on wiki	unknown	unknown	unknown				unknown
Marion Day	person not found on wiki	unknown	unknown	unknown				unknown
Claire Jullien	person not found on wiki	unknown	unknown	unknown				unknown
Megan Porter Follows	person not found on wiki	unknown	unknown	unknown				unknown
Laura Hicks	person not found on wiki	unknown	unknown	unknown				unknown
Julie Harris	person not found on wiki	unknown	unknown	unknown				unknown
Kate Mcguinness	person not found on wiki	unknown	unknown	unknown				unknown
James Davis	person not found on wiki	unknown	unknown	unknown				unknown
Veronica Quilligan	person not found on wiki	unknown	unknown	unknown				unknown
Sarah Ridgeway	person not found on wiki	unknown	unknown	unknown				unknown
Ayana Workman	person not found on wiki	unknown	unknown	unknown				unknown
Rob Nagle	person not found on wiki	unknown	unknown	unknown				unknown
Charlotte Randle	person not found on wiki	unknown	unknown	unknown				unknown
Bo Foxworth	person not found on wiki	unknown	unknown	unknown				unknown
Miriam Healy-Louie	person not found on wiki	unknown	unknown	unknown				unknown
James Garnon	person not found on wiki	unknown	unknown	unknown				unknown
Susan Mcarthur	person not found on wiki	unknown	unknown	unknown				unknown
Rob Krakovski	person not found on wiki	unknown	unknown	unknown				unknown
Mrs. Hallam	person not found on wiki	unknown	unknown	unknown				unknown
Katherine Wemyss	person not found on wiki	unknown	unknown	unknown				unknown
Carlotta Sherwood	person not found on wiki	unknown	unknown	unknown				unknown
Kristin Sentman	person not found on wiki	unknown	unknown	unknown				unknown
Lesvi Vazquez	person not found on wiki	unknown	unknown	unknown				unknown
Kirsty Bushell	person not found on wiki	unknown	unknown	unknown				unknown
Cathy Sara	person not found on wiki	unknown	unknown	unknown				unknown
Emily Ota	person not found on wiki	unknown	unknown	unknown				unknown
Rosalind Iden	person not found on wiki	unknown	unknown	unknown				unknown
Victoria Bolt	person not found on wiki	unknown	unknown	unknown				unknown
Jo Herbert	person not found on wiki	unknown	unknown	unknown				unknown
Dominique Bull	person not found on wiki	unknown	unknown	unknown				unknown
Ketevan Shatirishvili	person not found on wiki	unknown	unknown	unknown				unknown
Cassie Layton	person not found on wiki	unknown	unknown	unknown				unknown
Jonathan Kent	person not found on wiki	unknown	unknown	unknown				unknown
Katherine Emery	person not found on wiki	unknown	unknown	unknown				unknown
Rebekah Brockman	person not found on wiki	unknown	unknown	unknown				unknown
Catherine Mcclements	person not found on wiki	unknown	unknown	unknown				unknown
Gregory Floy	person not found on wiki	unknown	unknown	unknown				unknown
Lucy Whybrow	person not found on wiki	unknown	unknown	unknown				unknown
Ruth Lodge	person not found on wiki	unknown	unknown	unknown				unknown
Lucy Black	person not found on wiki	unknown	unknown	unknown				unknown
Daisy Whalley	person not found on wiki	unknown	unknown	unknown				unknown
Kandis Chappell	person not found on wiki	unknown	unknown	unknown				unknown
Jade Anouka	person not found on wiki	unknown	unknown	unknown				unknown
Joaquina Kalukango	1989-06-01T00:00:00	female	Black	TRUE	http://jmedia.juilliard.edu/cdm/ref/collection/p16995coll3/id/3252			unknown
Charlotte Still	person not found on wiki	unknown	unknown	unknown				unknown
Esme Biddle	person not found on wiki	unknown	unknown	unknown				unknown
Clare Dow	person not found on wiki	unknown	unknown	unknown				unknown
Miss Wallis	person not found on wiki	unknown	unknown	unknown				unknown
Rosaline Courtneidge	person not found on wiki	unknown	unknown	unknown				unknown
Diane D’Aquila	person not found on wiki	unknown	unknown	unknown				unknown
Ellie Piercy	person not found on wiki	unknown	unknown	unknown				unknown
Gwynne Whitby	person not found on wiki	unknown	unknown	unknown				unknown
Joy Farmer-Clary	person not found on wiki	unknown	unknown	unknown				unknown
Valerie Tudor	person not found on wiki	unknown	unknown	unknown				unknown
Anneika Rose	person not found on wiki	unknown	unknown	unknown				unknown
Dorothie Pidcock	person not found on wiki	unknown	unknown	unknown				unknown
Graham Stevens	person not found on wiki	unknown	unknown	unknown				unknown
Ali Ahn	person not found on wiki	unknown	unknown	unknown				unknown
Danny Edge	person not found on wiki	unknown	unknown	unknown				unknown
Henry Proffit	person not found on wiki	unknown	unknown	unknown				unknown
Pamela Brown	person not found on wiki	unknown	unknown	unknown				unknown
Gabriel Paul Gawin	person not found on wiki	unknown	unknown	unknown				unknown
Natalie Dew	person not found on wiki	unknown	unknown	unknown				unknown
Antony Byrne	person not found on wiki	unknown	unknown	unknown				unknown
Loren O’Brien	person not found on wiki	unknown	unknown	unknown				unknown
Patrick O’Kane	person not found on wiki	unknown	unknown	unknown				unknown
Zoe Waites	person not found on wiki	unknown	unknown	unknown				unknown
Peter Mckay	person not found on wiki	unknown	unknown	unknown				unknown
Louise Purnell	person not found on wiki	unknown	unknown	unknown				unknown
Lana Sugarman	person not found on wiki	unknown	unknown	unknown				unknown
Edward York	person not found on wiki	unknown	unknown	unknown				unknown
Shereen Ibrahim	person not found on wiki	unknown	unknown	unknown				unknown
James Mcavoy	person not found on wiki	unknown	unknown	unknown				unknown
Kirsten Parker	person not found on wiki	unknown	unknown	unknown				unknown
James Dale	person not found on wiki	unknown	unknown	unknown				unknown
John Wainwright	person not found on wiki	unknown	unknown	unknown				unknown
John Killoran	person not found on wiki	unknown	unknown	unknown				unknown
Joanna Weinberg	person not found on wiki	unknown	unknown	unknown				unknown
Keith Bartlett	person not found on wiki	unknown	unknown	unknown				unknown
Devora Millman	person not found on wiki	unknown	unknown	unknown				unknown
Leon Eagles	person not found on wiki	unknown	unknown	unknown				unknown
Grace Edwin	person not found on wiki	unknown	unknown	unknown				unknown
Arthur Kohn	person not found on wiki	unknown	unknown	unknown				unknown
Bethany Jillard	person not found on wiki	unknown	unknown	unknown				unknown
Anthony Boden	person not found on wiki	unknown	unknown	unknown				unknown
Saskia Portway	person not found on wiki	unknown	unknown	unknown				unknown
Alejandra Escalante	person not found on wiki	unknown	unknown	unknown				unknown
Philip Goodwin	person not found on wiki	unknown	unknown	unknown				unknown
Gintara Kizys	person not found on wiki	unknown	unknown	unknown				unknown
Bethan Cullinane	person not found on wiki	unknown	unknown	unknown				unknown
John Douglas	person not found on wiki	unknown	unknown	unknown				unknown
Caroline Martin	person not found on wiki	unknown	unknown	unknown				unknown
Liz Sklar	person not found on wiki	unknown	unknown	unknown				unknown
Natalie Klamar	person not found on wiki	unknown	unknown	unknown				unknown
Emma Darwall-Smith	person not found on wiki	unknown	unknown	unknown				unknown
Norah Lopez Holden	person not found on wiki	unknown	unknown	unknown				unknown
Beatrice Beckley	person not found on wiki	unknown	unknown	unknown				unknown
Ethel Carrington	person not found on wiki	unknown	unknown	unknown				unknown
Olivia Vinall	person not found on wiki	unknown	unknown	unknown				unknown
Jackie Morrison	person not found on wiki	unknown	unknown	unknown				unknown
Debra Beaumont	person not found on wiki	unknown	unknown	unknown				unknown
Jason Cottle	person not found on wiki	unknown	unknown	unknown				unknown
Conner Neddersen	person not found on wiki	unknown	unknown	unknown				unknown
Emily Morgan	person not found on wiki	unknown	unknown	unknown				unknown
Jim Butz	person not found on wiki	unknown	unknown	unknown				unknown
Blanche Cholet	person not found on wiki	unknown	unknown	unknown				unknown
Melanie Thaw	person not found on wiki	unknown	unknown	unknown				unknown
Kathryn Merry	person not found on wiki	unknown	unknown	unknown				unknown
Judy Farnk	person not found on wiki	unknown	unknown	unknown				unknown
Sara Mayer	person not found on wiki	unknown	unknown	unknown				unknown
Wenna Shaw	person not found on wiki	unknown	unknown	unknown				unknown
Rosemary Webster	person not found on wiki	unknown	unknown	unknown				unknown
Ffion Jolly	person not found on wiki	unknown	unknown	unknown				unknown
Mabel Moore	person not found on wiki	unknown	unknown	unknown				unknown
Ryman Sneed	person not found on wiki	unknown	unknown	unknown				unknown
Nicole Hartley	person not found on wiki	unknown	unknown	unknown				unknown
Jeannette Sherwin	person not found on wiki	unknown	unknown	unknown				unknown
Colleen Delaney	person not found on wiki	unknown	unknown	unknown				unknown
Jordan Baker	person not found on wiki	unknown	unknown	unknown				unknown
Flora Elkins	person not found on wiki	unknown	unknown	unknown				unknown
Mary Carney	person not found on wiki	unknown	unknown	unknown				unknown
Nan Sunderland	person not found on wiki	unknown	unknown	unknown				unknown
Wilfrid Walter	person not found on wiki	unknown	unknown	unknown				unknown
Jerry Etienne	person not found on wiki	unknown	unknown	unknown				unknown
Meme Garcia	person not found on wiki	unknown	unknown	unknown				unknown
Ian Merrill Peakes	person not found on wiki	unknown	unknown	unknown				unknown
Kimiye Corwin	person not found on wiki	unknown	unknown	unknown				unknown
Veronica Smart	person not found on wiki	unknown	unknown	unknown				unknown
Ng Wai Shek	person not found on wiki	unknown	unknown	unknown				unknown
Joanne Wootton	person not found on wiki	unknown	unknown	unknown				unknown
Helen Clapp	person not found on wiki	unknown	unknown	unknown				unknown
Ingride Mollison	person not found on wiki	unknown	unknown	unknown				unknown
Sidonie Boll	person not found on wiki	unknown	unknown	unknown				unknown
Joanne Pearce	person not found on wiki	unknown	unknown	unknown				unknown
Oyin Oladejo	person not found on wiki	unknown	unknown	unknown				unknown
Nicole Lowrance	person not found on wiki	unknown	unknown	unknown				unknown
Anne Anglin	person not found on wiki	unknown	unknown	unknown				unknown
Rosalind Fuller	person not found on wiki	unknown	unknown	unknown				unknown
Eleanor Goodrich	person not found on wiki	unknown	unknown	unknown				unknown
Samantha Whittaker	person not found on wiki	unknown	unknown	unknown				unknown
Isobel Merson	person not found on wiki	unknown	unknown	unknown				unknown
Katie West	person not found on wiki	unknown	unknown	unknown				unknown
Adrienne Gould	person not found on wiki	unknown	unknown	unknown				unknown
Isabella Marshall	person not found on wiki	unknown	unknown	unknown				unknown
Jane Schenck	person not found on wiki	unknown	unknown	unknown				unknown
Molly Terraine	person not found on wiki	unknown	unknown	unknown				unknown
Kristolyn Lloyd	person not found on wiki	unknown	unknown	unknown				unknown
Roshina Ratnam	person not found on wiki	unknown	unknown	unknown				unknown
Viola Knott	person not found on wiki	unknown	unknown	unknown				unknown
Daphne Hipchikz	person not found on wiki	unknown	unknown	unknown				unknown
Kate Rorke	person not found on wiki	unknown	unknown	unknown				unknown
Helen Hawthorne	person not found on wiki	unknown	unknown	unknown				unknown
Debbie Korley	person not found on wiki	unknown	unknown	unknown				unknown
Amy Levitt	person not found on wiki	unknown	unknown	unknown				unknown
Carlyss Peer	person not found on wiki	unknown	unknown	unknown				unknown
Lisa Joyce	person not found on wiki	unknown	unknown	unknown				unknown
Sara Jackson	person not found on wiki	unknown	unknown	unknown				unknown
Ethel Macdowall	person not found on wiki	unknown	unknown	unknown				unknown
Ginger Grace	person not found on wiki	unknown	unknown	unknown				unknown
April Shawhan	person not found on wiki	unknown	unknown	unknown				unknown
Phoebe Fildes	person not found on wiki	unknown	unknown	unknown				unknown
Pippa Pearthree	person not found on wiki	unknown	unknown	unknown				unknown
Amanda Wilkin	person not found on wiki	unknown	unknown	unknown				unknown
Lou Trapani	person not found on wiki	unknown	unknown	unknown				unknown
Mary Holder	person not found on wiki	unknown	unknown	unknown				unknown
N De Silva	person not found on wiki	unknown	unknown	unknown				unknown
Haley Robinson	person not found on wiki	unknown	unknown	unknown				unknown
Jennifer Leong	person not found on wiki	unknown	unknown	unknown				unknown
Linda Gardner	person not found on wiki	unknown	unknown	unknown				unknown
Joy Parker	person not found on wiki	unknown	unknown	unknown				unknown
Jacqueline Mckenzie	person not found on wiki	unknown	unknown	unknown				unknown
Deborah Poplett	person not found on wiki	unknown	unknown	unknown				unknown
Constance Barrie	person not found on wiki	unknown	unknown	unknown				unknown
Ruth Kenley	person not found on wiki	unknown	unknown	unknown				unknown
Tim McMullan	1963-07-01T00:00:00	male	unknown	TRUE	Google			unknown
Tina Jones	person not found on wiki	unknown	unknown	unknown				unknown
Gerrard Mcarthur	person not found on wiki	unknown	unknown	unknown				unknown
Lynn Dearth	1946-11-12T00:00:00	female	unknown	FALSE	Lynn Dearth			unknown
Neil Porter	1895-01-10T00:00:00	male	unknown	FALSE	https://www.imdb.com/name/nm0692236/			unknown
Cherry Cottrell	1905-02-05T00:00:00	female	unknown	FALSE	https://www.imdb.com/name/nm0183150/			unknown
S Phillips	person not found on wiki	unknown	unknown	unknown				unknown
Sarah Swingler	person not found on wiki	unknown	unknown	unknown				unknown
Haruhiko Joh	person not found on wiki	unknown	unknown	unknown				unknown
Beatrice Smith	person not found on wiki	unknown	unknown	unknown				unknown
Edward Warburton	person not found on wiki	unknown	unknown	unknown				unknown
Natalie Simpson	1994-01-01T00:00:00	female	Black	TRUE	https://www.lamda.ac.uk/whats-on/news-features/lamda-grads-leader-the-young-vics-2015-autumn-season			unknown
David Fielder	person not found on wiki	unknown	unknown	unknown				unknown
Patrice Naiambana	1962-07-01T00:00:00	male	Black	unknown	https://www.imdb.com/name/nm0619628/			unknown
Oran Marc De Baritault	person not found on wiki	unknown	unknown	unknown				unknown
Joseph O Conor	person not found on wiki	unknown	unknown	unknown				unknown
B.A. Pittar	person not found on wiki	unknown	unknown	unknown				unknown
A. Corney Grain	person not found on wiki	unknown	unknown	unknown				unknown
David Carr	person not found on wiki	unknown	unknown	unknown				unknown
Billy Eugene Jones	person not found on wiki	unknown	unknown	unknown				unknown
David Bowen	person not found on wiki	unknown	unknown	unknown				unknown
Ray Chong Nee	1983-01-01T00:00:00	male	Asian	TRUE	https://www.smh.com.au/entertainment/ray-chong-nees-star-is-rising-as-he-takes-the-lead-in-bell-shakespeares-othello-20160711-gq2v9o.html			unknown
Gareth Fordred	person not found on wiki	unknown	unknown	unknown				unknown
Richard Gofton	1929-07-01T00:00:00	male	unknown	TRUE	https://www.thetimes.co.uk/article/richard-gofton-actor-singing-coach-and-opera-composer-0tvxmg777gd			unknown
William Metzo	person not found on wiki	unknown	unknown	unknown				unknown
Jose Tejera	person not found on wiki	unknown	unknown	unknown				unknown
Damian Myerscough	person not found on wiki	unknown	unknown	unknown				unknown
Victor Power	person not found on wiki	unknown	unknown	unknown				unknown
Dion Johnstone	1975-10-12T00:00:00	male	Black	FALSE	http://stargate.wikia.com/wiki/Dion_Johnstone			unknown
Ricky Fearon	person not found on wiki	unknown	unknown	unknown				unknown
R.D. Maclean	person not found on wiki	unknown	unknown	unknown				unknown
Don Gunderson	person not found on wiki	unknown	unknown	unknown				unknown
Nachum Buchman	person not found on wiki	unknown	unknown	unknown				unknown
Postell Pringle	1976-07-01T00:00:00	male	Black	TRUE	https://www.bates.edu/news/2013/04/09/bin-pringle98/			unknown
Lloyd Notice	person not found on wiki	unknown	unknown	unknown				unknown
Kevin Kaine	person not found on wiki	unknown	unknown	unknown				unknown
Cassandra Bissell	1978-01-01T00:00:00	female	unknown	unknown	http://articles.chicagotribune.com/2002-06-30/features/0206300438_1_impressions-lake-forest-chicago-actress			unknown
Ellen L Wallis	person not found on wiki	unknown	unknown	unknown				unknown
Ethel Mcdowall	person not found on wiki	unknown	unknown	unknown				unknown
Kathryn Wilder	1994-07-01T00:00:00	female	unknown	TRUE	https://www.rada.ac.uk/profiles/kathryn-wilder/			unknown
Geraldine Alexander	person not found on wiki	unknown	unknown	unknown				unknown
Yvonne Nicholson	person not found on wiki	unknown	unknown	unknown				unknown
Madge Fabian	1883-08-16T00:00:00	female	unknown	FALSE	https://www.imdb.com/name/nm5387008/			unknown
Zainab Jah	person not found on wiki	unknown	unknown	unknown				unknown
Brooke Parks	person not found on wiki	unknown	unknown	unknown				unknown
Stacy Ray	person not found on wiki	unknown	unknown	unknown				unknown
Meghan Tyler	1993-07-01T00:00:00	female	unknown	TRUE	https://www.rcs.ac.uk/wp-content/uploads/2014/05/2365_BA_Acting_Showcase_Brochure_-_FINAL_PROOF_xAPPROVEDx.pdf			unknown
Carol Roscoe	person not found on wiki	unknown	unknown	unknown				unknown
Susan Riddiford	1961-06-01T00:00:00	female	unknown	TRUE	http://radio.wpsu.org/post/remembering-susan-riddiford-shedd			unknown
Heather Wood	person not found on wiki	unknown	unknown	unknown				unknown
Elizabeth Nabben	person not found on wiki	unknown	unknown	unknown				unknown
Aldo Billingslea	1965-08-01T00:00:00	male	Black	TRUE	https://www.mercurynews.com/2011/02/01/aldo-billingslea-is-a-major-player-in-bay-area-theater-scene/			unknown
Karen Sunde	1942-07-18T00:00:00	female	unknown	FALSE	https://www.imdb.com/name/nm0839114/			unknown
David Emerson Toney	person not found on wiki	unknown	unknown	unknown				unknown
Amelia Gardner	person not found on wiki	unknown	unknown	unknown				unknown
Abraham Popoola	1991-07-01T00:00:00	male	Black	TRUE	https://www.linkedin.com/in/abraham-popoola-35449446/			unknown
Hila Feldman	1979-06-10T00:00:00	female	unknown	unknown	Google			unknown
Kurt Egyiawan	1984-01-01T00:00:00	male	Black	TRUE	https://www.independent.co.uk/arts-entertainment/films/reviews/observations-one-to-watch-kurt-egyiawan-actor-28-7979457.html			unknown
Catherine Bailey	1980-01-02T00:00:00	female	unknown	FALSE	https://www.imdb.com/name/nm0047181/			unknown
Leo Wringer	1957-01-01T00:00:00	male	Black	TRUE	https://bbashakespeare.warwick.ac.uk/people/leo-wringer			unknown
Marjorie Bland	person not found on wiki	unknown	unknown	unknown				unknown
Doyle Richmond	person not found on wiki	unknown	unknown	unknown				unknown
Margaret Halstan	1879-12-25T00:00:00	female	unknown	FALSE	https://www.imdb.com/name/nm0357052/bio?ref_=nm_ov_bio_sm			unknown
Lloyd Everitt	1993-06-01T00:00:00	male	Black	TRUE	http://www.dailymail.co.uk/health/article-4024908/Casualty-actor-Lloyd-Everitt-severely-dyslexic-replace-lines-pictures-learn-scripts.html			unknown
Julia Coffey	person not found on wiki	unknown	unknown	unknown				unknown
James Vincent Meredith	1971-08-01T00:00:00	male	Black	TRUE	http://www.oakpark.com/News/Articles/2-26-2013/Oak-Park-actor-James-Vincent-Meredith-lands-gig-in-'The-Book-of-Mormon'/			unknown
Patsy Ferran	1989-06-01T00:00:00	female	unknown	TRUE	https://www.theguardian.com/stage/2014/dec/21/patsy-ferran-dont-recognise-life-at-moment-interview			unknown
Blanche Herrick	person not found on wiki	unknown	unknown	unknown				unknown
Chris Butler	person not found on wiki	unknown	unknown	unknown				unknown
Severn Thompson Bcc	person not found on wiki	unknown	unknown	unknown				unknown